,Persons,Males,Females,Number of households,Males- Literate,Females- Literate,Total Educated,Below Primary,Primary,Middle,Matric/Higher Secondary/Diploma,Graduate and Above,0 - 4 years,5 - 14 years,15 - 59 years,60 years and above (Incl. A.N.S.),Total workers,Main workers,Non-workers,Religeon#1 Population,Imp Town#2 Population,Imp Town#3 Population,Persons- literate
0,1583225.0,815152.0,768073.0,320588.0,480555.0,313928.0,794483.0,253685.0,250155.0,104847.0,140506.0,32699.0,176916.0,381035.0,911521.0,113753.0,605599.0,498186.0,977626.0,1223254.0,98528.0,68343.0,794483.0
1,2504244.0,1297404.0,1206840.0,426781.0,699080.0,338539.0,1037619.0,424367.0,308578.0,112479.0,153151.0,24897.0,326948.0,668902.0,1365463.0,142931.0,1092201.0,830579.0,1412043.0,2314123.0,83382.0,22815.0,1037619.0
2,1182709.0,612100.0,570609.0,222630.0,375588.0,223494.0,599082.0,215489.0,165823.0,69614.0,121119.0,21088.0,132514.0,276327.0,686947.0,86921.0,533078.0,395470.0,649631.0,1057013.0,53858.0,32191.0,599082.0
3,1837892.0,953842.0,884050.0,364447.0,698626.0,489598.0,1188224.0,345067.0,306412.0,160453.0,309309.0,56891.0,179056.0,399174.0,1114802.0,144860.0,828519.0,665080.0,1009373.0,1714171.0,65826.0,56240.0,1188224.0
4,2082531.0,1069554.0,1012977.0,399847.0,721203.0,450352.0,1171555.0,299309.0,296151.0,176084.0,332201.0,53757.0,230011.0,470303.0,1231509.0,150708.0,940437.0,662249.0,1142094.0,1946780.0,54135.0,29002.0,1171555.0
5,1334455.0,697999.0,636456.0,269440.0,522575.0,357259.0,879834.0,221042.0,214072.0,136174.0,231335.0,71259.0,130223.0,286936.0,830197.0,87099.0,554336.0,467413.0,780119.0,1269766.0,100008.0,55504.0,879834.0
6,5816519.0,3074556.0,2741963.0,1150588.0,2318295.0,1693845.0,4012140.0,816251.0,963479.0,602259.0,1113922.0,479990.0,531956.0,1210381.0,3680817.0,393365.0,2009365.0,1799126.0,3807154.0,4921747.0,113445.0,106684.0,4012140.0
7,1515148.0,787650.0,727498.0,277667.0,487094.0,294061.0,781155.0,260586.0,231369.0,119782.0,132242.0,29293.0,173263.0,359042.0,870590.0,112253.0,647609.0,512038.0,867539.0,1392451.0,70663.0,61752.0,781155.0
8,3169881.0,1642018.0,1527863.0,597990.0,1166122.0,867824.0,2033946.0,489497.0,561231.0,341580.0,492263.0,129543.0,297863.0,679812.0,1942470.0,249736.0,1244806.0,1076436.0,1925075.0,2841302.0,145719.0,104312.0,2033946.0
9,1904278.0,981320.0,922958.0,350105.0,638101.0,445595.0,1083696.0,307824.0,317584.0,178293.0,207926.0,57566.0,192652.0,422410.0,1139780.0,149436.0,734382.0,624057.0,1169896.0,1605941.0,39500.0,36479.0,1083696.0
10,536835.0,275821.0,261014.0,105893.0,184717.0,131455.0,316172.0,86630.0,91944.0,58461.0,63064.0,13007.0,54019.0,114022.0,325681.0,43113.0,215134.0,173594.0,321701.0,507176.0,38526.0,24199.0,316172.0
11,2448173.0,1252350.0,1195823.0,432884.0,833064.0,575814.0,1408878.0,396444.0,397552.0,245044.0,293642.0,60977.0,260017.0,556596.0,1447209.0,184351.0,1000842.0,785530.0,1447331.0,2165734.0,141357.0,63257.0,1408878.0
12,1393918.0,701593.0,692325.0,248677.0,456025.0,333953.0,789978.0,272031.0,255693.0,100584.0,133486.0,20031.0,136207.0,333411.0,800409.0,123891.0,600819.0,470043.0,793099.0,1307460.0,73774.0,32395.0,789978.0
13,2469630.0,1274920.0,1194710.0,426001.0,828080.0,540840.0,1368920.0,451513.0,447754.0,176531.0,217579.0,57987.0,276315.0,617608.0,1392303.0,183404.0,944559.0,781166.0,1525071.0,2264062.0,100194.0,70756.0,1368920.0
14,1856872.0,972000.0,884872.0,360808.0,717909.0,475495.0,1193404.0,323092.0,328052.0,163168.0,299294.0,71226.0,178990.0,392524.0,1150704.0,134654.0,784711.0,617669.0,1072161.0,1616127.0,80452.0,56548.0,1193404.0
15,2024216.0,1052823.0,971393.0,395493.0,769426.0,473937.0,1243363.0,351172.0,343682.0,180020.0,299712.0,56489.0,207619.0,433219.0,1231913.0,151465.0,908180.0,694400.0,1116036.0,1775214.0,43950.0,36101.0,1243363.0
16,2025277.0,1044937.0,980340.0,360862.0,659346.0,366489.0,1025835.0,302434.0,276113.0,156973.0,239821.0,37261.0,243351.0,489499.0,1147811.0,144616.0,976726.0,616885.0,1048551.0,1897034.0,41115.0,33369.0,1025835.0
17,1636433.0,824208.0,812225.0,244009.0,385340.0,202734.0,588074.0,194817.0,145165.0,87404.0,130333.0,20770.0,237608.0,444558.0,864462.0,89805.0,814590.0,496410.0,821843.0,1571017.0,25095.0,19202.0,588074.0
18,3641802.0,1897368.0,1744434.0,739276.0,1309347.0,918661.0,2228008.0,544745.0,532329.0,314118.0,596035.0,219863.0,343856.0,760663.0,2277521.0,259762.0,1518845.0,1202620.0,2122957.0,3258593.0,54952.0,35923.0,2228008.0
19,514404.0,263986.0,250418.0,104038.0,161092.0,98380.0,259472.0,88671.0,72778.0,39196.0,47023.0,8831.0,56690.0,121680.0,299481.0,36553.0,259116.0,176372.0,255288.0,482552.0,12703.0,4480.0,259472.0
20,1370656.0,713676.0,656980.0,282677.0,508240.0,367279.0,875519.0,245062.0,242665.0,125810.0,203903.0,49957.0,136360.0,298528.0,838899.0,96869.0,570693.0,469551.0,799963.0,1059796.0,67569.0,38778.0,875519.0
21,4995174.0,2722539.0,2272635.0,1027843.0,1914423.0,1291981.0,3206404.0,749869.0,897529.0,499495.0,847536.0,189593.0,488467.0,1040002.0,3201010.0,265695.0,2182509.0,1981266.0,2812665.0,4350795.0,2433835.0,51946.0,3206404.0
24,1410553.0,734799.0,675754.0,289159.0,489578.0,343679.0,833257.0,206715.0,200325.0,133866.0,225426.0,58659.0,145699.0,302177.0,870571.0,92106.0,650257.0,503333.0,760296.0,1300005.0,68679.0,25275.0,833257.0
25,62785.0,33114.0,29671.0,12253.0,22693.0,18156.0,40849.0,17793.0,11786.0,6611.0,3220.0,857.0,7856.0,16021.0,35359.0,3549.0,35165.0,27428.0,27620.0,50563.0,3120.0,2423.0,40849.0
26,65960.0,34562.0,31398.0,14053.0,26969.0,23627.0,50596.0,19384.0,14227.0,9422.0,5028.0,1351.0,7427.0,15908.0,38920.0,3705.0,35510.0,27441.0,30450.0,59098.0,7715.0,6472.0,50596.0
27,325676.0,166877.0,158799.0,64753.0,138783.0,130916.0,269699.0,80883.0,67374.0,58941.0,43311.0,16154.0,32742.0,71382.0,203257.0,18295.0,162961.0,125328.0,162715.0,303893.0,10966.0,5034.0,269699.0
28,108392.0,55756.0,52636.0,22059.0,43231.0,38805.0,82036.0,36061.0,23377.0,11824.0,7102.0,2051.0,12805.0,27132.0,61919.0,6536.0,68134.0,49658.0,40258.0,105061.0,10954.0,2403.0,82036.0
29,53861.0,27380.0,26481.0,10116.0,21906.0,20676.0,42582.0,17545.0,12300.0,7393.0,3588.0,1124.0,6354.0,13485.0,30492.0,3530.0,32523.0,24783.0,21338.0,52495.0,5507.0,3275.0,42582.0
30,137223.0,71402.0,65821.0,27889.0,52159.0,43938.0,96097.0,37039.0,25687.0,16973.0,11926.0,3025.0,16274.0,32498.0,80717.0,7734.0,71792.0,60870.0,65431.0,109204.0,7138.0,3681.0,96097.0
43,2754756.0,1397407.0,1357349.0,633033.0,1047763.0,817944.0,1865707.0,246806.0,471224.0,361514.0,568109.0,147823.0,231935.0,516448.0,1795682.0,210691.0,1037097.0,850994.0,1717659.0,2476438.0,229403.0,212281.0,1865707.0
45,2877468.0,1457242.0,1420226.0,653241.0,1088943.0,863255.0,1952198.0,305858.0,517245.0,360999.0,435005.0,119364.0,236095.0,546963.0,1850102.0,244308.0,1144929.0,916295.0,1732539.0,2583590.0,146287.0,144623.0,1952198.0
46,3477317.0,1741083.0,1736234.0,756365.0,1245076.0,958476.0,2203552.0,389836.0,719830.0,445813.0,509488.0,85081.0,303706.0,715737.0,2145484.0,312390.0,1427180.0,1172645.0,2050137.0,3016962.0,99624.0,91452.0,2203552.0
47,2856300.0,1473597.0,1382703.0,638305.0,906943.0,609278.0,1516221.0,322248.0,501096.0,244353.0,344470.0,61860.0,273367.0,620592.0,1733596.0,228745.0,1413250.0,1188366.0,1443050.0,2690698.0,64587.0,64496.0,1516221.0
48,2186125.0,1095859.0,1090266.0,489055.0,761403.0,535748.0,1297151.0,219384.0,377565.0,202301.0,201644.0,22578.0,184509.0,447805.0,1339425.0,214386.0,1064783.0,829944.0,1121342.0,2041854.0,60815.0,35201.0,1297151.0
49,2960373.0,1492442.0,1467931.0,635210.0,977374.0,673154.0,1650528.0,338585.0,574962.0,304065.0,327322.0,46718.0,266073.0,620406.0,1807864.0,266030.0,1445177.0,1125229.0,1515196.0,2726949.0,67737.0,36793.0,1650528.0
50,3016346.0,1563633.0,1452713.0,736562.0,1021772.0,712670.0,1734442.0,310903.0,553461.0,288840.0,420270.0,105892.0,243789.0,563159.0,1926719.0,282679.0,1454645.0,1279846.0,1561701.0,2883909.0,57519.0,53633.0,1734442.0
51,1493462.0,759551.0,733911.0,394378.0,526412.0,377390.0,903802.0,160791.0,280134.0,139098.0,222932.0,53738.0,105782.0,244481.0,968477.0,174722.0,842640.0,770940.0,650822.0,1451966.0,65868.0,53055.0,903802.0
52,2581500.0,1309278.0,1272222.0,698405.0,887907.0,634048.0,1521955.0,289684.0,506636.0,245916.0,336318.0,69460.0,174934.0,402116.0,1709153.0,295297.0,1434405.0,1317991.0,1147095.0,2443644.0,72703.0,64984.0,1521955.0
53,762141.0,378351.0,383790.0,182682.0,296573.0,244526.0,541099.0,84574.0,146567.0,99968.0,167087.0,32785.0,60427.0,138626.0,510190.0,52898.0,343385.0,310064.0,418756.0,599047.0,50196.0,43096.0,541099.0
54,4271856.0,2176031.0,2095825.0,1095354.0,1648814.0,1296464.0,2945278.0,388483.0,646369.0,379972.0,533674.0,118923.0,310882.0,671262.0,2851408.0,438304.0,1977612.0,1828629.0,2294244.0,3847969.0,344543.0,95107.0,2945278.0
55,1923014.0,968137.0,954877.0,465179.0,681698.0,500048.0,1181746.0,216427.0,392140.0,219830.0,235152.0,45680.0,154855.0,350665.0,1229561.0,187933.0,973332.0,841893.0,949682.0,1684808.0,67231.0,32969.0,1181746.0
56,935686.0,465538.0,470148.0,237716.0,328103.0,238625.0,566728.0,107892.0,183620.0,98317.0,129551.0,28348.0,73625.0,157812.0,606188.0,98061.0,496464.0,445450.0,439222.0,883584.0,45437.0,31592.0,566728.0
57,2418366.0,1208534.0,1209832.0,569487.0,926354.0,747124.0,1673478.0,252645.0,465480.0,310766.0,471671.0,130165.0,192160.0,436087.0,1564062.0,226057.0,1064521.0,927788.0,1353845.0,2040968.0,35770.0,35428.0,1673478.0
58,493646.0,246141.0,247505.0,121176.0,167406.0,118791.0,286197.0,57450.0,92945.0,51152.0,61172.0,11449.0,43517.0,96245.0,307795.0,46089.0,265707.0,222600.0,227939.0,460058.0,11695.0,11126.0,286197.0
59,695524.0,346763.0,348761.0,165569.0,232385.0,156220.0,388605.0,77585.0,126949.0,69827.0,83915.0,14700.0,64099.0,135306.0,431364.0,64755.0,345891.0,251606.0,349633.0,650988.0,27822.0,11320.0,388605.0
60,2285395.0,1150908.0,1134487.0,511400.0,820726.0,599762.0,1420488.0,231057.0,429640.0,265802.0,342720.0,66697.0,204146.0,450959.0,1442112.0,188178.0,973066.0,729764.0,1312329.0,2105292.0,127552.0,60164.0,1420488.0
61,1488839.0,739074.0,749765.0,343613.0,548142.0,448438.0,996580.0,157430.0,301142.0,183516.0,182133.0,28731.0,129910.0,289942.0,927225.0,141762.0,586734.0,468754.0,902105.0,1328144.0,84505.0,32228.0,996580.0
62,1169474.0,580784.0,588690.0,275395.0,435421.0,352881.0,788302.0,125555.0,257964.0,160095.0,164666.0,21672.0,99565.0,221177.0,747013.0,101719.0,491003.0,386956.0,678471.0,1052373.0,56341.0,22995.0,788302.0
63,2216138.0,1096638.0,1119500.0,501890.0,814354.0,661902.0,1476256.0,192810.0,366755.0,239997.0,251526.0,48964.0,185494.0,411848.0,1420923.0,197873.0,897123.0,750032.0,1319015.0,1925677.0,139954.0,65533.0,1476256.0
64,1459601.0,724300.0,735301.0,311567.0,520281.0,387095.0,907376.0,160851.0,274368.0,150638.0,160456.0,23817.0,133540.0,281062.0,919007.0,125992.0,678289.0,530282.0,781312.0,1294101.0,34134.0,17607.0,907376.0
65,1155356.0,566947.0,588409.0,267888.0,414755.0,323245.0,738000.0,114524.0,234589.0,150263.0,165137.0,36606.0,93911.0,216856.0,721268.0,123321.0,513502.0,408015.0,641854.0,1026580.0,40497.0,40220.0,738000.0
66,2578201.0,1303363.0,1274838.0,613475.0,991010.0,785644.0,1776654.0,239962.0,461505.0,291362.0,347664.0,82913.0,208330.0,469338.0,1643056.0,257477.0,1088543.0,949545.0,1489658.0,2351019.0,53006.0,43631.0,1776654.0
67,1093950.0,552986.0,540964.0,272033.0,398150.0,294647.0,692797.0,106682.0,167050.0,101583.0,96051.0,16747.0,88642.0,210185.0,688209.0,106914.0,520280.0,473708.0,573670.0,1011456.0,73410.0,58891.0,692797.0
68,1751301.0,870376.0,880925.0,447889.0,641062.0,495512.0,1136574.0,195093.0,337849.0,163100.0,178755.0,33822.0,148593.0,328820.0,1109907.0,163981.0,881803.0,802521.0,869498.0,1637939.0,84029.0,73183.0,1136574.0
69,1187604.0,583376.0,604228.0,266200.0,421041.0,336303.0,757344.0,146470.0,266602.0,141011.0,147902.0,27178.0,106318.0,242234.0,732834.0,106218.0,520573.0,433443.0,667031.0,928090.0,62050.0,37968.0,757344.0
70,1572273.0,766823.0,805450.0,382260.0,593868.0,537538.0,1131406.0,188588.0,363353.0,195377.0,189290.0,44251.0,127967.0,303914.0,978661.0,161731.0,678811.0,588596.0,893462.0,1235498.0,87450.0,32664.0,1131406.0
71,2723988.0,1333939.0,1390049.0,661944.0,997278.0,831786.0,1829064.0,328745.0,626456.0,324891.0,314809.0,61913.0,222302.0,519540.0,1711341.0,270805.0,1281117.0,1120752.0,1442871.0,2172815.0,75612.0,63432.0,1829064.0
72,1676034.0,832269.0,843765.0,376499.0,668667.0,639655.0,1308322.0,203021.0,338217.0,206633.0,332651.0,68484.0,130633.0,287833.0,1089659.0,167909.0,548056.0,454378.0,1127978.0,859307.0,34425.0,23787.0,1308322.0
92,1169780.0,614816.0,554964.0,158901.0,297267.0,149808.0,447075.0,90604.0,97012.0,96009.0,106243.0,25681.0,118221.0,327845.0,646955.0,76759.0,371521.0,270992.0,798259.0,1141162.0,52852.0,25795.0,447075.0
93,1202447.0,649491.0,552956.0,168232.0,405708.0,235559.0,641267.0,89649.0,101964.0,115438.0,220417.0,76539.0,78478.0,291156.0,755683.0,77130.0,384669.0,330195.0,817778.0,1138175.0,18923.0,13721.0,641267.0
94,629309.0,326050.0,303259.0,86489.0,148386.0,77781.0,226167.0,47633.0,49071.0,43950.0,52789.0,12608.0,60606.0,184958.0,342480.0,41265.0,225992.0,152980.0,403317.0,617212.0,7374.0,6295.0,226167.0
95,652607.0,335544.0,317063.0,92738.0,178170.0,103348.0,281518.0,54273.0,57661.0,53728.0,75934.0,17608.0,51519.0,181917.0,375871.0,43300.0,212599.0,151135.0,440008.0,637008.0,14229.0,12246.0,281518.0
96,1172434.0,610007.0,562427.0,160395.0,299910.0,163287.0,463197.0,90591.0,97284.0,97638.0,110811.0,25804.0,111529.0,332187.0,649843.0,78875.0,394988.0,261678.0,777446.0,1154780.0,19794.0,17237.0,463197.0
99,691929.0,363526.0,328403.0,109500.0,193834.0,80591.0,274425.0,63657.0,62058.0,63344.0,62773.0,9365.0,78676.0,193479.0,371881.0,47893.0,318280.0,194309.0,373649.0,400765.0,11320.0,10516.0,274425.0
100,743509.0,399686.0,343823.0,122462.0,225888.0,117541.0,343429.0,70678.0,90460.0,77607.0,76342.0,14762.0,82529.0,190144.0,418530.0,52306.0,366430.0,245387.0,377079.0,542593.0,8083.0,7973.0,343429.0
102,483284.0,257336.0,225948.0,81116.0,150444.0,83784.0,234228.0,44306.0,60684.0,66255.0,47476.0,8237.0,52990.0,128801.0,266269.0,35224.0,218212.0,118413.0,265072.0,291067.0,4512.0,4088.0,234228.0
103,1588772.0,850302.0,738470.0,304100.0,625605.0,444969.0,1070574.0,151313.0,220259.0,261039.0,312206.0,104813.0,134773.0,343463.0,976467.0,134069.0,528331.0,434430.0,1060441.0,1366711.0,33581.0,28791.0,1070574.0
104,550084.0,289391.0,260693.0,96393.0,185654.0,121716.0,307370.0,56273.0,78668.0,77174.0,74150.0,14199.0,55604.0,132178.0,316216.0,46086.0,205422.0,161823.0,344662.0,493966.0,8437.0,7075.0,307370.0
109,295013.0,152016.0,142997.0,55558.0,105663.0,55498.0,161161.0,40355.0,40229.0,33196.0,30629.0,12283.0,33233.0,76490.0,163817.0,21473.0,135904.0,114842.0,159109.0,290201.0,6095.0,605.0,161161.0
110,370359.0,183745.0,186614.0,76121.0,138934.0,98420.0,237354.0,51642.0,66405.0,49191.0,45880.0,16250.0,37744.0,92976.0,204492.0,35147.0,164729.0,96900.0,205630.0,365396.0,13204.0,7303.0,237354.0
112,604747.0,295168.0,309579.0,117754.0,208251.0,129565.0,337816.0,86479.0,86609.0,65227.0,71619.0,23069.0,66858.0,156841.0,328135.0,52913.0,264715.0,181205.0,340032.0,596769.0,11444.0,7880.0,337816.0
113,1282143.0,679583.0,602560.0,239975.0,505379.0,371062.0,876441.0,153390.0,177169.0,149514.0,241917.0,137075.0,116176.0,296033.0,775669.0,94265.0,400475.0,336504.0,881668.0,1086094.0,59540.0,53675.0,876441.0
114,697078.0,331061.0,366017.0,149987.0,253270.0,208405.0,461675.0,93020.0,117782.0,96994.0,112562.0,35643.0,70169.0,166780.0,385698.0,74431.0,269871.0,171647.0,427207.0,673471.0,24743.0,19658.0,461675.0
115,462289.0,227615.0,234674.0,98514.0,170872.0,125490.0,296362.0,68019.0,82525.0,65813.0,58872.0,17190.0,49049.0,114126.0,256621.0,42493.0,198709.0,124062.0,263580.0,456277.0,6324.0,4806.0,296362.0
117,630567.0,293848.0,336719.0,131052.0,217169.0,175471.0,392640.0,90912.0,112370.0,85177.0,75309.0,21832.0,67755.0,160994.0,337070.0,64748.0,292182.0,204649.0,338385.0,621203.0,19055.0,3092.0,392640.0
118,224542.0,111084.0,113458.0,43902.0,78925.0,51022.0,129947.0,35900.0,39247.0,25803.0,21073.0,6311.0,27673.0,60021.0,119959.0,16889.0,90208.0,56165.0,134334.0,216646.0,8179.0,5829.0,129947.0
119,762909.0,400254.0,362655.0,142113.0,294161.0,214570.0,508731.0,105127.0,123772.0,93046.0,121368.0,57934.0,77157.0,188670.0,445558.0,51524.0,278947.0,220995.0,483962.0,655290.0,46205.0,38630.0,508731.0
120,1235614.0,649484.0,586130.0,208076.0,402308.0,256857.0,659165.0,175226.0,168433.0,116119.0,130102.0,49692.0,146913.0,341878.0,670347.0,76476.0,392156.0,300141.0,843458.0,832811.0,88676.0,38937.0,659165.0
127,1789423.0,955378.0,834045.0,303107.0,599877.0,365568.0,965445.0,282038.0,272986.0,159919.0,166798.0,46110.0,201479.0,462632.0,1009321.0,115991.0,719792.0,552559.0,1069631.0,1299812.0,58119.0,29565.0,965445.0
128,1518005.0,801486.0,716519.0,247838.0,499697.0,295963.0,795660.0,275091.0,218570.0,120271.0,113206.0,23856.0,174358.0,405071.0,842316.0,96260.0,628311.0,491225.0,889694.0,1227688.0,42309.0,35141.0,795660.0
129,1674271.0,886075.0,788196.0,248960.0,501257.0,265605.0,766862.0,231180.0,197222.0,125597.0,131025.0,48265.0,223691.0,457699.0,894893.0,97988.0,661457.0,522482.0,1012814.0,1445088.0,49688.0,15658.0,766862.0
130,1923878.0,987781.0,936097.0,290619.0,627121.0,401759.0,1028880.0,394344.0,233275.0,125205.0,98989.0,21529.0,263566.0,549096.0,983945.0,127271.0,853899.0,587431.0,1069979.0,1698106.0,83846.0,81394.0,1028880.0
131,1913689.0,983526.0,930163.0,299391.0,691728.0,461144.0,1152872.0,383211.0,285006.0,182336.0,158524.0,35009.0,227101.0,530172.0,1013685.0,142731.0,760910.0,495148.0,1152779.0,1713599.0,56491.0,37227.0,1152872.0
132,2992592.0,1586752.0,1405840.0,461973.0,998253.0,490028.0,1488281.0,416188.0,397269.0,279773.0,258478.0,74707.0,395197.0,837273.0,1552587.0,207535.0,1458686.0,947587.0,1533906.0,2535155.0,33877.0,32005.0,1488281.0
133,2101142.0,1133425.0,967717.0,313897.0,729301.0,334281.0,1063582.0,370558.0,259166.0,181635.0,136521.0,37645.0,288703.0,609309.0,1061589.0,141541.0,852913.0,573547.0,1248229.0,1804599.0,40859.0,33716.0,1063582.0
134,983258.0,538103.0,445155.0,142256.0,315121.0,143661.0,458782.0,186508.0,119366.0,67696.0,46894.0,12585.0,148673.0,297901.0,479836.0,56848.0,429314.0,273184.0,553944.0,918158.0,50474.0,28349.0,458782.0
135,1209665.0,651998.0,557667.0,180512.0,412709.0,195963.0,608672.0,230601.0,149450.0,84870.0,65042.0,16311.0,167825.0,351250.0,603063.0,87527.0,483110.0,355450.0,726555.0,1138712.0,66239.0,20845.0,608672.0
136,1117057.0,591307.0,525750.0,176738.0,365498.0,150415.0,515913.0,153627.0,131165.0,94399.0,79537.0,28351.0,139068.0,309678.0,584937.0,83374.0,469164.0,366794.0,647893.0,978292.0,96845.0,8551.0,515913.0
137,1317063.0,693438.0,623625.0,193498.0,439937.0,210639.0,650576.0,211200.0,157487.0,113274.0,101117.0,28847.0,178433.0,377715.0,672380.0,88535.0,542534.0,417275.0,774529.0,1276926.0,28249.0,19564.0,650576.0
138,5251071.0,2768203.0,2482868.0,815766.0,1891074.0,1136849.0,3027923.0,755975.0,691865.0,516810.0,606755.0,326964.0,622009.0,1382418.0,2901430.0,345214.0,1864055.0,1584361.0,3387016.0,4629461.0,419778.0,50708.0,3027923.0
139,2287788.0,1172753.0,1115035.0,333300.0,801815.0,515329.0,1317144.0,414024.0,355110.0,217442.0,192894.0,50901.0,281160.0,659222.0,1182127.0,165279.0,887915.0,633421.0,1399873.0,2019396.0,78462.0,47345.0,1317144.0
140,2775058.0,1424967.0,1350091.0,421118.0,852126.0,435795.0,1287921.0,449191.0,340224.0,195832.0,161518.0,41207.0,354671.0,780118.0,1432060.0,208209.0,1129514.0,844039.0,1645544.0,2399173.0,83329.0,57070.0,1287921.0
141,2886505.0,1513890.0,1372615.0,456877.0,892731.0,427148.0,1319879.0,373470.0,333990.0,223180.0,235776.0,101764.0,379384.0,791184.0,1522520.0,193417.0,1105009.0,829721.0,1781496.0,2528049.0,44782.0,38661.0,1319879.0
144,1448940.0,737880.0,711060.0,238489.0,372768.0,156207.0,528975.0,237570.0,143657.0,65123.0,39067.0,11356.0,212461.0,421813.0,711548.0,103118.0,727209.0,506324.0,721731.0,1368861.0,39280.0,25884.0,528975.0
145,851107.0,437949.0,413158.0,159307.0,244514.0,123424.0,367938.0,133778.0,92703.0,54237.0,49739.0,16148.0,115362.0,228192.0,449747.0,57806.0,343905.0,245762.0,507202.0,810765.0,35544.0,24789.0,367938.0
146,1820251.0,918856.0,901395.0,339660.0,536694.0,269603.0,806297.0,276791.0,243891.0,123555.0,102687.0,32232.0,228999.0,499194.0,938567.0,153491.0,724883.0,518158.0,1095368.0,1677038.0,38883.0,31482.0,806297.0
147,2181670.0,1129920.0,1051750.0,376731.0,742535.0,426321.0,1168856.0,322150.0,294587.0,189918.0,222930.0,99061.0,255578.0,545427.0,1218881.0,161784.0,856809.0,690818.0,1324861.0,1869044.0,123759.0,116222.0,1168856.0
148,1211671.0,626436.0,585235.0,192579.0,359906.0,153568.0,513474.0,167266.0,130861.0,86903.0,75613.0,25505.0,149987.0,325576.0,639460.0,96648.0,532682.0,425230.0,678989.0,1062365.0,31365.0,27236.0,513474.0
149,962620.0,504818.0,457802.0,169479.0,296290.0,141483.0,437773.0,152324.0,115674.0,71990.0,55644.0,17973.0,115623.0,261639.0,517612.0,67746.0,456937.0,305977.0,505683.0,881956.0,26918.0,21163.0,437773.0
150,2013789.0,1026650.0,987139.0,384540.0,567468.0,271885.0,839353.0,282860.0,219767.0,120984.0,127141.0,49022.0,241979.0,503364.0,1088060.0,180386.0,939848.0,764916.0,1073941.0,1859972.0,27792.0,24362.0,839353.0
151,987024.0,493459.0,493565.0,193744.0,296250.0,152796.0,449046.0,162210.0,127994.0,63856.0,57865.0,16145.0,122257.0,251541.0,528460.0,84766.0,401858.0,275912.0,585166.0,939811.0,37026.0,16672.0,449046.0
152,2633312.0,1336004.0,1297308.0,507829.0,797694.0,457705.0,1255399.0,419447.0,293270.0,166985.0,181056.0,85944.0,335536.0,674594.0,1431976.0,191206.0,1100880.0,724120.0,1532432.0,2449773.0,19648.0,16368.0,1255399.0
153,1107643.0,547791.0,559852.0,202701.0,283512.0,141928.0,425440.0,147952.0,118641.0,64365.0,53631.0,15761.0,163491.0,285435.0,542024.0,116693.0,531376.0,272283.0,576267.0,1068319.0,31127.0,6621.0,425440.0
154,1501589.0,760686.0,740903.0,261613.0,362829.0,166652.0,529481.0,182922.0,134908.0,79162.0,67938.0,21972.0,219593.0,405216.0,745421.0,131359.0,709412.0,529393.0,792177.0,1425287.0,10108.0,9947.0,529481.0
155,1803524.0,918063.0,885461.0,356833.0,539465.0,267640.0,807105.0,288374.0,227075.0,118142.0,106971.0,38274.0,211036.0,437734.0,1012725.0,142029.0,930339.0,749689.0,873185.0,1666452.0,53327.0,35422.0,807105.0
156,1568525.0,827128.0,741397.0,280883.0,593065.0,375716.0,968781.0,252606.0,240399.0,164047.0,194898.0,81681.0,168079.0,398729.0,899961.0,101756.0,541362.0,420734.0,1027163.0,1344633.0,30973.0,20372.0,968781.0
157,1021653.0,535137.0,486516.0,170824.0,330676.0,164445.0,495121.0,175161.0,145677.0,76951.0,64461.0,18778.0,127761.0,282325.0,537512.0,74055.0,436375.0,300615.0,585278.0,948343.0,26784.0,22796.0,495121.0
158,1180323.0,612804.0,567519.0,201489.0,369920.0,186672.0,556592.0,218513.0,144230.0,77818.0,60857.0,19959.0,140357.0,304698.0,628776.0,106492.0,554781.0,399386.0,625542.0,1087934.0,35695.0,30103.0,556592.0
159,4214505.0,2150090.0,2064415.0,789164.0,1381748.0,923531.0,2305279.0,675665.0,681713.0,233698.0,555114.0,126507.0,433021.0,986374.0,2455680.0,339430.0,1877774.0,1537645.0,2336731.0,3565153.0,67170.0,58081.0,2305279.0
160,1651892.0,834247.0,817645.0,293645.0,494544.0,300241.0,794785.0,254452.0,230572.0,73843.0,175891.0,43406.0,183689.0,410814.0,936098.0,121291.0,719659.0,561559.0,932233.0,1424121.0,70248.0,57883.0,794785.0
161,1806918.0,926424.0,880494.0,317379.0,543869.0,322692.0,866561.0,276393.0,240833.0,81050.0,193305.0,56251.0,196532.0,468652.0,995702.0,146032.0,718213.0,551972.0,1088705.0,1495080.0,31482.0,28560.0,866561.0
162,3130922.0,1592789.0,1538133.0,536056.0,812860.0,484585.0,1297445.0,397499.0,345382.0,123657.0,310638.0,78138.0,358729.0,882140.0,1667646.0,222407.0,1350072.0,1010430.0,1780850.0,2381497.0,58811.0,50562.0,1297445.0
163,1502373.0,771022.0,731351.0,252250.0,468571.0,299787.0,768358.0,197821.0,223243.0,76573.0,196756.0,46559.0,160329.0,414390.0,807175.0,120479.0,557603.0,424985.0,944770.0,1020174.0,58785.0,36517.0,768358.0
164,1669762.0,841840.0,827922.0,297775.0,429277.0,247522.0,676799.0,245076.0,177843.0,58192.0,134598.0,32550.0,188170.0,469845.0,912629.0,99118.0,732762.0,544347.0,937000.0,1417051.0,61262.0,37613.0,676799.0
165,1196089.0,603312.0,592777.0,210888.0,339944.0,194603.0,534547.0,216383.0,140403.0,45683.0,93327.0,20820.0,139225.0,333037.0,647438.0,76389.0,554506.0,422208.0,641583.0,1042294.0,56160.0,21183.0,534547.0
166,971835.0,493533.0,478302.0,181500.0,335442.0,215920.0,551362.0,180661.0,155973.0,53681.0,122380.0,29358.0,94480.0,229712.0,572697.0,74946.0,457817.0,388763.0,514018.0,825166.0,33417.0,32561.0,551362.0
167,1604253.0,823204.0,781049.0,297494.0,574522.0,418028.0,992550.0,265574.0,270372.0,93207.0,262645.0,86968.0,151136.0,355070.0,979593.0,118454.0,684492.0,587018.0,919761.0,1221335.0,25710.0,22202.0,992550.0
168,1353644.0,686876.0,666768.0,273422.0,505270.0,398754.0,904024.0,307104.0,246858.0,101631.0,185288.0,52839.0,121345.0,279343.0,844784.0,108172.0,581278.0,455302.0,772366.0,1132005.0,58702.0,53290.0,904024.0
170,2027140.0,1029714.0,997426.0,373034.0,599137.0,381346.0,980483.0,314498.0,275866.0,108406.0,199472.0,58253.0,213583.0,535644.0,1146692.0,131221.0,920821.0,801369.0,1106319.0,1739522.0,164240.0,42919.0,980483.0
171,1517896.0,776221.0,741675.0,296718.0,503013.0,346677.0,849690.0,228923.0,239747.0,108463.0,211183.0,45637.0,135181.0,345374.0,909656.0,127685.0,721835.0,576035.0,796061.0,1388506.0,49067.0,48806.0,849690.0
172,1790952.0,917705.0,873247.0,337484.0,606552.0,439068.0,1045620.0,277453.0,289955.0,136028.0,259402.0,62560.0,166484.0,406394.0,1084308.0,133766.0,783781.0,631726.0,1007171.0,1532714.0,73047.0,41907.0,1045620.0
173,1642545.0,830559.0,811986.0,341224.0,593890.0,475044.0,1068934.0,269618.0,307761.0,145435.0,263089.0,70661.0,146012.0,338653.0,1037965.0,119915.0,714671.0,586832.0,927874.0,1401087.0,160662.0,50131.0,1068934.0
175,1140905.0,574911.0,565994.0,246110.0,404743.0,318867.0,723610.0,174942.0,217446.0,104208.0,175305.0,38887.0,97475.0,226638.0,724868.0,91924.0,516677.0,428830.0,624228.0,1004674.0,34066.0,30814.0,723610.0
176,2584711.0,1313801.0,1270910.0,550473.0,887341.0,638144.0,1525485.0,353737.0,442987.0,246919.0,376384.0,79317.0,213120.0,543436.0,1590903.0,237252.0,1316939.0,1050291.0,1267772.0,2349801.0,53104.0,50088.0,1525485.0
177,2536069.0,1286193.0,1249876.0,504185.0,815459.0,566808.0,1382267.0,329607.0,404772.0,223831.0,332698.0,65652.0,230185.0,573769.0,1515044.0,217071.0,1235028.0,1014667.0,1301041.0,2196660.0,113907.0,65493.0,1382267.0
178,6537124.0,3426599.0,3110525.0,1460697.0,2663055.0,2119510.0,4782565.0,665866.0,993052.0,591695.0,1735275.0,736744.0,533851.0,1216105.0,4367420.0,419748.0,2566914.0,2378180.0,3970210.0,5188807.0,264940.0,201652.0,4782565.0
180,1763705.0,888034.0,875671.0,373672.0,551271.0,400189.0,951460.0,199499.0,286608.0,170984.0,230259.0,46091.0,142951.0,360414.0,1096888.0,163452.0,840419.0,682440.0,923286.0,1667640.0,35851.0,26521.0,951460.0
181,1721669.0,859086.0,862583.0,364806.0,593329.0,451255.0,1044584.0,238258.0,313894.0,187201.0,239412.0,52127.0,140986.0,348986.0,1081127.0,150570.0,864711.0,702827.0,856958.0,1587287.0,43140.0,33253.0,1044584.0
182,1897730.0,938434.0,959296.0,362216.0,736962.0,654776.0,1391738.0,338980.0,483612.0,157540.0,310789.0,93990.0,162895.0,368371.0,1207195.0,159269.0,946390.0,841509.0,951340.0,1301603.0,49895.0,48070.0,1391738.0
183,548561.0,274831.0,273730.0,130110.0,200588.0,172953.0,373541.0,83154.0,109557.0,61766.0,90068.0,24723.0,50319.0,106143.0,349834.0,42265.0,266378.0,247574.0,282183.0,450694.0,15213.0,13186.0,373541.0
184,2641027.0,1344670.0,1296357.0,545741.0,836195.0,634960.0,1471155.0,306190.0,419378.0,217783.0,373399.0,131222.0,225010.0,551281.0,1649306.0,215430.0,1110264.0,926129.0,1530763.0,2309267.0,48232.0,43900.0,1471155.0
185,965462.0,489940.0,475522.0,203430.0,254672.0,178028.0,432700.0,112389.0,133704.0,65811.0,88966.0,19034.0,79640.0,197064.0,601539.0,87219.0,448369.0,336961.0,517093.0,863591.0,52607.0,26340.0,432700.0
187,2098359.0,1084417.0,1013942.0,352829.0,510338.0,239955.0,750293.0,206209.0,216865.0,107506.0,150002.0,35898.0,280238.0,618580.0,1061090.0,138451.0,793658.0,444921.0,1304701.0,1740948.0,23441.0,19082.0,750293.0
189,2277475.0,1167793.0,1109682.0,391606.0,683590.0,386300.0,1069890.0,321029.0,282228.0,166762.0,214238.0,65684.0,281893.0,655942.0,1211787.0,127853.0,790049.0,532895.0,1487426.0,1870586.0,85075.0,73434.0,1069890.0
191,1904430.0,960679.0,943751.0,301872.0,469399.0,197986.0,667385.0,231361.0,196026.0,90613.0,98939.0,24811.0,267261.0,558434.0,963754.0,114981.0,644644.0,340925.0,1259786.0,1475201.0,8804.0,7926.0,667385.0
192,1165390.0,608878.0,556512.0,190037.0,327557.0,142095.0,469652.0,151615.0,132877.0,67813.0,80065.0,26206.0,151695.0,326959.0,613372.0,73364.0,432714.0,283711.0,732676.0,910409.0,47326.0,14137.0,469652.0
196,1759602.0,897364.0,862238.0,331318.0,462781.0,228053.0,690834.0,230245.0,209924.0,105943.0,99816.0,22993.0,208261.0,473559.0,972781.0,105001.0,778378.0,470354.0,981224.0,1323468.0,33236.0,22558.0,690834.0
197,2397102.0,1278946.0,1118156.0,427939.0,860583.0,488001.0,1348584.0,316204.0,325848.0,246471.0,329778.0,102522.0,253402.0,649208.0,1381462.0,113030.0,664058.0,492501.0,1733044.0,1944757.0,89534.0,85100.0,1348584.0
198,1777662.0,938436.0,839226.0,317378.0,600048.0,323102.0,923150.0,198945.0,214614.0,159357.0,247536.0,82686.0,189029.0,471903.0,1030028.0,86702.0,509310.0,336131.0,1268352.0,1491855.0,97221.0,83474.0,923150.0
199,2785064.0,1436976.0,1348088.0,505508.0,920164.0,580377.0,1500541.0,339729.0,354556.0,249307.0,357487.0,160004.0,302609.0,735877.0,1569003.0,177575.0,1076904.0,750962.0,1708160.0,1399301.0,29282.0,25222.0,1500541.0
202,2082795.0,1054641.0,1028154.0,405251.0,567204.0,290097.0,857301.0,206253.0,233474.0,156525.0,193556.0,49399.0,249509.0,562101.0,1149941.0,121244.0,917757.0,535154.0,1165038.0,1043701.0,63648.0,38403.0,857301.0
203,1982988.0,1027433.0,955555.0,374772.0,700242.0,468971.0,1169213.0,227792.0,263554.0,189301.0,333179.0,136165.0,190115.0,454201.0,1203034.0,135638.0,692664.0,455527.0,1290324.0,1318485.0,166125.0,67121.0,1169213.0
207,245040.0,132917.0,112123.0,54581.0,94850.0,64671.0,159521.0,45303.0,40720.0,25189.0,33463.0,10089.0,21033.0,57659.0,153257.0,13091.0,116529.0,92577.0,128511.0,157321.0,14357.0,5432.0,159521.0
222,905764.0,466191.0,439573.0,168619.0,230769.0,152772.0,383541.0,123002.0,97692.0,63583.0,76399.0,11591.0,107419.0,253840.0,497450.0,47055.0,334849.0,234771.0,570915.0,594168.0,13508.0,12440.0,383541.0
223,1637344.0,841044.0,796300.0,297121.0,373446.0,251923.0,625369.0,228580.0,152632.0,105492.0,101129.0,23131.0,233963.0,464173.0,848258.0,90950.0,470360.0,399201.0,1166984.0,1216455.0,31171.0,28780.0,625369.0
224,822035.0,420251.0,401784.0,146826.0,220277.0,164393.0,384670.0,145790.0,92621.0,67036.0,60309.0,10964.0,108415.0,230617.0,437701.0,45302.0,273925.0,209928.0,548110.0,441516.0,12547.0,5318.0,384670.0
226,1647201.0,848578.0,798623.0,290494.0,448021.0,304661.0,752682.0,241853.0,162333.0,132818.0,164157.0,33386.0,209571.0,450596.0,881878.0,105156.0,517088.0,408537.0,1130113.0,977943.0,35725.0,16730.0,752682.0
227,2522324.0,1326981.0,1195343.0,490740.0,930256.0,677935.0,1608191.0,355779.0,312309.0,275453.0,466555.0,169680.0,237213.0,595306.0,1542431.0,147374.0,842253.0,697810.0,1680071.0,1836153.0,25151.0,16286.0,1608191.0
229,1504320.0,773861.0,730459.0,271841.0,407632.0,277366.0,684998.0,214363.0,155853.0,127004.0,139276.0,23154.0,183605.0,390243.0,840655.0,89817.0,527993.0,404428.0,976327.0,868532.0,18228.0,17783.0,684998.0
231,2314629.0,1190950.0,1123679.0,410882.0,665697.0,499920.0,1165617.0,369818.0,288125.0,212668.0,226919.0,45957.0,290961.0,618901.0,1255658.0,149109.0,727641.0,566195.0,1586988.0,1180267.0,35718.0,34423.0,1165617.0
232,1681513.0,871568.0,809945.0,315116.0,494965.0,335614.0,830579.0,255139.0,204000.0,144886.0,172379.0,36083.0,185036.0,433724.0,967533.0,95220.0,634723.0,465283.0,1046790.0,1287646.0,25349.0,18824.0,830579.0
234,571944.0,294643.0,277301.0,96949.0,181645.0,122961.0,304606.0,80592.0,62969.0,57868.0,85106.0,10527.0,65179.0,161903.0,313682.0,31180.0,250146.0,155431.0,321798.0,548780.0,11863.0,4453.0,304606.0
235,1150062.0,601099.0,548963.0,218885.0,355444.0,232858.0,588302.0,166316.0,143102.0,109758.0,129043.0,24927.0,122241.0,291138.0,673125.0,63558.0,466351.0,349847.0,683711.0,1029142.0,24049.0,20553.0,588302.0
236,1185072.0,613555.0,571517.0,228574.0,406265.0,291883.0,698148.0,166630.0,148411.0,130235.0,193998.0,41634.0,114701.0,286303.0,717048.0,67020.0,472419.0,342708.0,712653.0,1075878.0,23763.0,19021.0,698148.0
237,1051736.0,545476.0,506260.0,207185.0,382936.0,289222.0,672158.0,153864.0,131634.0,145992.0,198390.0,31707.0,101065.0,246805.0,637480.0,66386.0,430523.0,287319.0,621213.0,927706.0,17502.0,13047.0,672158.0
238,999221.0,517015.0,482206.0,195691.0,375400.0,285191.0,660591.0,150497.0,126171.0,123591.0,201640.0,41283.0,89501.0,231611.0,615001.0,63108.0,414348.0,285092.0,584873.0,927858.0,20997.0,7545.0,660591.0
239,946279.0,490286.0,455993.0,181692.0,322048.0,235312.0,557360.0,160261.0,124707.0,116314.0,123363.0,21774.0,94890.0,242820.0,557331.0,51238.0,388640.0,269896.0,557639.0,813263.0,13446.0,9922.0,557360.0
240,813311.0,422250.0,391061.0,144334.0,232652.0,149922.0,382574.0,129961.0,97842.0,71385.0,63345.0,9112.0,98925.0,229355.0,444027.0,41004.0,330480.0,231638.0,482831.0,670139.0,14219.0,8445.0,382574.0
241,188079.0,99822.0,88257.0,37294.0,63610.0,42744.0,106354.0,27696.0,26167.0,20031.0,25701.0,4126.0,20887.0,47952.0,110469.0,8771.0,70199.0,55031.0,117880.0,131492.0,9131.0,7738.0,106354.0
242,1444921.0,743042.0,701879.0,273694.0,474145.0,350292.0,824437.0,264692.0,210291.0,152273.0,149889.0,34464.0,155307.0,361097.0,830268.0,98249.0,465734.0,364814.0,979187.0,886761.0,10007.0,9802.0,824437.0
243,1007976.0,517680.0,490296.0,179141.0,319205.0,230914.0,550119.0,206569.0,145859.0,89941.0,81460.0,17096.0,120430.0,268874.0,549498.0,69174.0,303294.0,235016.0,704682.0,527214.0,11297.0,9940.0,550119.0
263,1346336.0,681500.0,664836.0,296514.0,458534.0,291286.0,749820.0,245140.0,249457.0,93408.0,118362.0,28280.0,119279.0,290084.0,803080.0,133893.0,593530.0,384710.0,752806.0,1327967.0,19157.0,15442.0,749820.0
264,509716.0,261941.0,247775.0,106839.0,187019.0,125861.0,312880.0,89339.0,90669.0,43070.0,66985.0,16249.0,44550.0,115812.0,306507.0,42847.0,189593.0,133148.0,320123.0,490127.0,76100.0,32826.0,312880.0
265,935613.0,475122.0,460491.0,202247.0,324711.0,220150.0,544861.0,163395.0,157269.0,69036.0,105367.0,37291.0,84368.0,209180.0,561225.0,80840.0,421346.0,282174.0,514267.0,873795.0,39204.0,26394.0,544861.0
268,1561990.0,790036.0,771954.0,326784.0,479337.0,301581.0,780918.0,220226.0,216473.0,129539.0,153161.0,43741.0,162527.0,385830.0,906767.0,106866.0,621226.0,395160.0,940764.0,1525874.0,51845.0,38689.0,780918.0
269,2223456.0,1123200.0,1100256.0,472123.0,616003.0,348857.0,964860.0,279035.0,257013.0,167052.0,189667.0,53696.0,237210.0,566574.0,1257071.0,162601.0,1027797.0,618457.0,1195659.0,1859639.0,21896.0,21441.0,964860.0
270,2024508.0,1036511.0,987997.0,403653.0,722244.0,497251.0,1219495.0,352280.0,365601.0,177018.0,235371.0,76372.0,193943.0,495987.0,1172333.0,162245.0,645133.0,483345.0,1379375.0,1937765.0,29072.0,27794.0,1219495.0
271,1333749.0,675642.0,658107.0,238888.0,487993.0,354862.0,842855.0,234531.0,264062.0,124330.0,161403.0,46921.0,125928.0,328765.0,763577.0,115479.0,385119.0,301570.0,948630.0,1248486.0,30006.0,18550.0,842855.0
274,2341094.0,1207781.0,1133313.0,466326.0,909527.0,665215.0,1574742.0,390398.0,428041.0,251400.0,354489.0,134291.0,192634.0,492299.0,1424458.0,231703.0,794034.0,613883.0,1547060.0,2199526.0,42622.0,15989.0,1574742.0
276,1066878.0,544001.0,522877.0,222023.0,377237.0,262126.0,639363.0,206700.0,191465.0,87602.0,109048.0,31348.0,97462.0,241556.0,632513.0,95347.0,356513.0,261875.0,710365.0,1060943.0,20234.0,15003.0,639363.0
277,1140003.0,587234.0,552769.0,230711.0,409260.0,262173.0,671433.0,206251.0,198111.0,89695.0,126552.0,37745.0,110129.0,268898.0,673502.0,87474.0,453570.0,299052.0,686433.0,1127926.0,34998.0,18592.0,671433.0
278,864516.0,446177.0,418339.0,178231.0,319662.0,210178.0,529840.0,177851.0,166957.0,71909.0,80575.0,22038.0,75395.0,187035.0,512505.0,89581.0,288053.0,205676.0,576463.0,859219.0,8757.0,8735.0,529840.0
279,1877395.0,986886.0,890509.0,374338.0,762288.0,548579.0,1310867.0,296834.0,337969.0,197922.0,290926.0,169403.0,155718.0,392126.0,1174599.0,154952.0,575063.0,480247.0,1302332.0,1798214.0,53251.0,39054.0,1310867.0
280,1502682.0,763389.0,739293.0,287463.0,586378.0,438145.0,1024523.0,302914.0,306686.0,173065.0,167251.0,58355.0,126508.0,321644.0,906393.0,148137.0,450540.0,373481.0,1052142.0,1459872.0,16915.0,15013.0,1024523.0
281,3160635.0,1581986.0,1578649.0,644919.0,1005585.0,626137.0,1631722.0,515568.0,522328.0,191227.0,269998.0,76807.0,314793.0,771398.0,1795114.0,279330.0,1305932.0,819726.0,1854703.0,3132628.0,21347.0,20739.0,1631722.0
285,541835.0,275601.0,266234.0,115533.0,186549.0,105382.0,291931.0,101666.0,92739.0,38938.0,39324.0,9162.0,52316.0,127120.0,312878.0,49521.0,236980.0,148695.0,304855.0,538472.0,14539.0,7989.0,291931.0
286,1337194.0,673985.0,663209.0,303385.0,413224.0,224824.0,638048.0,196334.0,202083.0,80273.0,107242.0,28036.0,131174.0,301583.0,776713.0,127724.0,559750.0,351689.0,777444.0,1312924.0,27904.0,20095.0,638048.0
288,1335494.0,667526.0,667968.0,320624.0,349473.0,163910.0,513383.0,174170.0,156321.0,67866.0,75827.0,17904.0,149347.0,307070.0,769364.0,109713.0,620950.0,382050.0,714544.0,1322363.0,16917.0,15759.0,513383.0
289,831109.0,409792.0,421317.0,190381.0,162061.0,85768.0,247829.0,78406.0,71574.0,30897.0,43441.0,12584.0,96043.0,207717.0,476079.0,51270.0,399184.0,249909.0,431925.0,770572.0,21198.0,18685.0,247829.0
290,1025766.0,515162.0,510604.0,227026.0,198294.0,86244.0,284538.0,108940.0,78755.0,35023.0,30256.0,6677.0,124190.0,271024.0,566040.0,64512.0,507395.0,264800.0,518371.0,991639.0,24859.0,6406.0,284538.0
291,1180637.0,590743.0,589894.0,284876.0,231055.0,118989.0,350044.0,106236.0,93337.0,43481.0,66172.0,21567.0,131988.0,291370.0,687502.0,69777.0,570435.0,353367.0,610202.0,1119527.0,58884.0,39548.0,350044.0
293,1609172.0,830644.0,778528.0,318737.0,581420.0,426868.0,1008288.0,293918.0,238539.0,184564.0,192799.0,71644.0,135457.0,371091.0,992719.0,109905.0,569442.0,478851.0,1039730.0,1237714.0,107197.0,42998.0,1008288.0
294,3401173.0,1751145.0,1650028.0,688139.0,1082575.0,727508.0,1810083.0,726663.0,450354.0,294751.0,230179.0,70820.0,349513.0,863702.0,1975720.0,212238.0,1303136.0,1025433.0,2098037.0,2833229.0,100348.0,72999.0,1810083.0
295,2479155.0,1272094.0,1207061.0,517878.0,816196.0,570769.0,1386965.0,592743.0,365660.0,210694.0,153907.0,40012.0,259145.0,644098.0,1398737.0,177175.0,966705.0,754311.0,1512450.0,1871857.0,34273.0,21107.0,1386965.0
296,2441794.0,1259737.0,1182057.0,464648.0,583960.0,339517.0,923477.0,407587.0,195557.0,147724.0,107439.0,29145.0,344679.0,698892.0,1270989.0,127234.0,935524.0,716483.0,1506270.0,1263001.0,52738.0,47650.0,923477.0
298,3290468.0,1689406.0,1601062.0,631935.0,801770.0,530934.0,1332704.0,581062.0,313521.0,203944.0,159619.0,44408.0,429488.0,928902.0,1753984.0,178094.0,1340706.0,967143.0,1949762.0,1636171.0,62959.0,5773.0,1332704.0
299,5866569.0,3005000.0,2861569.0,1140095.0,1502724.0,1117814.0,2620538.0,1087866.0,681327.0,384598.0,308022.0,91654.0,698034.0,1637356.0,3191673.0,339506.0,2005174.0,1672311.0,3861395.0,3735380.0,74458.0,72850.0,2620538.0
300,3015422.0,1546633.0,1468789.0,598429.0,920153.0,633699.0,1553852.0,603030.0,371539.0,264683.0,209034.0,74737.0,324134.0,766542.0,1757214.0,167532.0,1128497.0,831699.0,1886925.0,1944606.0,61806.0,50613.0,1553852.0
301,6895514.0,3588376.0,3307138.0,1390072.0,2458485.0,1746661.0,4205146.0,1329183.0,991623.0,728878.0,748285.0,297950.0,604383.0,1563346.0,4267123.0,460662.0,2451241.0,1902334.0,4444273.0,5440052.0,475439.0,289903.0,4205146.0
302,4604827.0,2366853.0,2237974.0,959987.0,1489038.0,1155423.0,2644461.0,947612.0,695736.0,465510.0,364806.0,127632.0,407511.0,1068865.0,2741690.0,386761.0,1615705.0,1405724.0,2989122.0,3396095.0,138235.0,115016.0,2644461.0
303,8934286.0,4638756.0,4295530.0,1826518.0,3440748.0,2710779.0,6151527.0,1711235.0,1423093.0,1133954.0,1167918.0,621001.0,701606.0,1905879.0,5583396.0,743405.0,2988160.0,2623352.0,5946126.0,6721420.0,392444.0,348438.0,6151527.0
304,5041976.0,2589625.0,2452351.0,1043895.0,1883474.0,1450514.0,3333988.0,1046502.0,854367.0,578414.0,543704.0,267093.0,404459.0,1063045.0,3164898.0,409574.0,1859487.0,1528040.0,3182489.0,4216701.0,170206.0,162187.0,3333988.0
305,3192695.0,1636002.0,1556693.0,606020.0,1075401.0,658821.0,1734222.0,640634.0,411875.0,330270.0,240753.0,78487.0,305717.0,742496.0,1910027.0,234455.0,1427272.0,944216.0,1765423.0,2693022.0,61947.0,27354.0,1734222.0
306,2536516.0,1298078.0,1238438.0,449895.0,803494.0,378790.0,1182284.0,428648.0,276749.0,229429.0,166519.0,49425.0,269944.0,630803.0,1449836.0,185933.0,1127488.0,645506.0,1409028.0,2116037.0,22031.0,21932.0,1182284.0
307,9610788.0,4916370.0,4694418.0,1827721.0,3573623.0,2590693.0,6164316.0,2465907.0,1586123.0,1034942.0,743625.0,246415.0,918006.0,2333062.0,5656043.0,703677.0,3751057.0,2530112.0,5859731.0,8224779.0,170673.0,149769.0,6164316.0
308,4273099.0,2241898.0,2031201.0,838520.0,1647348.0,1248277.0,2895625.0,890143.0,759810.0,506707.0,489226.0,211494.0,343375.0,926037.0,2673104.0,330583.0,1438874.0,1224972.0,2834225.0,3204077.0,260906.0,202135.0,2895625.0
310,6906689.0,3564993.0,3341696.0,1321929.0,2399713.0,1667630.0,4067343.0,1682734.0,1024531.0,641593.0,465067.0,182893.0,701432.0,1764434.0,3960541.0,480282.0,2242760.0,1678130.0,4663929.0,4548459.0,336707.0,75531.0,4067343.0
311,2488003.0,1250958.0,1237045.0,524649.0,688072.0,424117.0,1112189.0,347433.0,305503.0,114789.0,254169.0,43564.0,243389.0,659331.0,1417252.0,168031.0,1123248.0,912287.0,1364755.0,2207843.0,75254.0,70381.0,1112189.0
312,2345685.0,1162905.0,1182780.0,484588.0,642996.0,401792.0,1044788.0,288554.0,304556.0,106517.0,249549.0,51926.0,216402.0,567129.0,1382370.0,179784.0,1159606.0,971911.0,1186079.0,1983275.0,71520.0,64496.0,1044788.0
313,3491822.0,1747968.0,1743854.0,813797.0,1013328.0,647761.0,1661089.0,445208.0,478883.0,189226.0,409110.0,81001.0,302570.0,796148.0,2077569.0,315535.0,1711559.0,1458954.0,1780263.0,3251834.0,205653.0,85521.0,1661089.0
314,2670097.0,1352446.0,1317651.0,521018.0,738208.0,432926.0,1171134.0,339163.0,322529.0,118592.0,282352.0,51608.0,255985.0,677807.0,1523368.0,212937.0,1293657.0,1060051.0,1376440.0,2334169.0,57113.0,52363.0,1171134.0
316,3575064.0,1839227.0,1735837.0,742590.0,1192100.0,842281.0,2034381.0,404250.0,489521.0,193364.0,607300.0,260503.0,324169.0,842909.0,2173360.0,234626.0,1437606.0,1264403.0,2137458.0,3063118.0,268689.0,231108.0,2034381.0
317,3513934.0,1782340.0,1731594.0,688212.0,850414.0,467107.0,1317521.0,371893.0,353924.0,128269.0,329607.0,67575.0,345446.0,937792.0,1969070.0,261626.0,1823329.0,1482426.0,1690605.0,3193932.0,50941.0,50114.0,1317521.0
318,3247982.0,1651990.0,1595992.0,723015.0,981875.0,613768.0,1595643.0,474835.0,439802.0,175590.0,352049.0,85612.0,295103.0,801673.0,1876515.0,274691.0,1594666.0,1308907.0,1653316.0,3040212.0,93239.0,90886.0,1595643.0
320,2578927.0,1305543.0,1273384.0,601659.0,745679.0,522265.0,1267944.0,362116.0,377075.0,139285.0,275834.0,72950.0,231625.0,618242.0,1533620.0,195440.0,1244376.0,1039322.0,1334551.0,2406066.0,79721.0,69088.0,1267944.0
321,2537593.0,1260020.0,1277573.0,582377.0,731778.0,485881.0,1217659.0,314768.0,406889.0,140816.0,236099.0,59134.0,226342.0,588640.0,1522214.0,200397.0,1201816.0,870624.0,1335777.0,2513087.0,49899.0,37931.0,1217659.0
322,2249254.0,1119541.0,1129713.0,514912.0,605038.0,392444.0,997482.0,256539.0,345163.0,107395.0,191992.0,54462.0,198760.0,502372.0,1378957.0,169165.0,1174164.0,912375.0,1075090.0,2214541.0,50096.0,49714.0,997482.0
323,3832336.0,1930197.0,1902139.0,887003.0,1171082.0,831234.0,2002316.0,417446.0,577938.0,211419.0,535115.0,184767.0,324433.0,850611.0,2411639.0,245653.0,1602761.0,1305584.0,2229575.0,3688280.0,259180.0,85486.0,2002316.0
324,4901420.0,2459640.0,2441780.0,1202661.0,1504676.0,1303052.0,2807728.0,749817.0,1028947.0,294551.0,514195.0,154017.0,413104.0,1096493.0,3035951.0,355872.0,1940214.0,1614799.0,2961206.0,4752009.0,296329.0,53602.0,2807728.0
325,3803517.0,1910038.0,1893479.0,947276.0,1308598.0,1150224.0,2458822.0,715101.0,867078.0,239220.0,438313.0,122202.0,310484.0,829811.0,2358503.0,304719.0,1678335.0,1425708.0,2125182.0,3580207.0,137409.0,102622.0,2458822.0
326,4187841.0,2117401.0,2070440.0,1011891.0,1386261.0,1153713.0,2539974.0,603868.0,807042.0,269230.0,605480.0,177102.0,333263.0,903289.0,2618300.0,332989.0,1841597.0,1575433.0,2346244.0,3729204.0,179353.0,113054.0,2539974.0
327,4465144.0,2250279.0,2214865.0,1077303.0,1407402.0,1048563.0,2455965.0,579683.0,804976.0,241137.0,559524.0,175832.0,357400.0,954636.0,2756023.0,397085.0,2190299.0,1869886.0,2274845.0,3834204.0,153756.0,93321.0,2455965.0
328,3059423.0,1552332.0,1507091.0,702559.0,938482.0,593644.0,1532126.0,391396.0,512915.0,143921.0,341687.0,92527.0,259093.0,689994.0,1833665.0,276671.0,1537544.0,1306772.0,1521879.0,2825681.0,84970.0,58462.0,1532126.0
329,2668564.0,1344935.0,1323629.0,640942.0,866975.0,655891.0,1522866.0,375380.0,515113.0,149694.0,316461.0,93056.0,223622.0,562645.0,1663646.0,218651.0,1211702.0,985312.0,1456862.0,2382701.0,79682.0,68782.0,1522866.0
330,2601797.0,1318093.0,1283704.0,585987.0,867054.0,553698.0,1420752.0,315821.0,482912.0,145747.0,323102.0,91650.0,225438.0,586524.0,1579759.0,210076.0,1165566.0,931847.0,1436231.0,2181572.0,126505.0,72297.0,1420752.0
331,3529494.0,1796214.0,1733280.0,699191.0,1003659.0,588513.0,1592172.0,396608.0,526192.0,139903.0,363649.0,101204.0,343493.0,936793.0,2015569.0,233639.0,1745220.0,1500598.0,1784274.0,2910182.0,157305.0,152676.0,1592172.0
332,3640478.0,1859588.0,1780890.0,779052.0,1104042.0,670046.0,1774088.0,398372.0,667978.0,177709.0,380349.0,102827.0,311720.0,878170.0,2175541.0,275047.0,1777536.0,1471218.0,1862942.0,3225156.0,125074.0,117103.0,1774088.0
333,3745875.0,1889690.0,1856185.0,848607.0,1273940.0,903050.0,2176990.0,484531.0,769687.0,240584.0,466832.0,136183.0,334295.0,791554.0,2287032.0,332994.0,1752979.0,1462690.0,1992896.0,3368878.0,152654.0,99967.0,2176990.0
339,660923.0,333553.0,327370.0,125567.0,212637.0,202523.0,415160.0,136270.0,84592.0,59433.0,88682.0,37129.0,80507.0,170197.0,377828.0,32391.0,256562.0,219190.0,404361.0,403277.0,38303.0,34292.0,415160.0
352,1532982.0,785579.0,747403.0,321777.0,581523.0,453855.0,1035378.0,299223.0,326328.0,212458.0,124022.0,61995.0,129668.0,361712.0,924952.0,116650.0,534348.0,436870.0,998634.0,1373556.0,47713.0,34850.0,1035378.0
353,767440.0,394605.0,372835.0,164207.0,267091.0,192411.0,459502.0,163268.0,144445.0,86398.0,38584.0,18952.0,74350.0,190002.0,445891.0,57197.0,303694.0,226467.0,463746.0,660641.0,15760.0,10861.0,459502.0
354,307868.0,159095.0,148773.0,62085.0,94528.0,63869.0,158397.0,55253.0,52169.0,28224.0,15189.0,4660.0,31818.0,81419.0,173895.0,20736.0,126761.0,92570.0,181107.0,257834.0,6045.0,5143.0,158397.0
355,590913.0,302946.0,287967.0,116265.0,207565.0,161257.0,368822.0,130341.0,118853.0,61657.0,37898.0,14243.0,58624.0,147959.0,341559.0,42771.0,194758.0,156385.0,396155.0,447279.0,20286.0,11593.0,368822.0
370,1204078.0,588083.0,615995.0,225252.0,458085.0,425775.0,883860.0,205087.0,256203.0,186515.0,189868.0,30391.0,115459.0,240307.0,748476.0,99836.0,417845.0,327762.0,786233.0,705234.0,52634.0,23334.0,883860.0
371,2408956.0,1152817.0,1256139.0,457368.0,971065.0,1000338.0,1971403.0,350835.0,544405.0,441878.0,521715.0,91604.0,204098.0,423672.0,1532764.0,248422.0,767197.0,626876.0,1641759.0,1480748.0,68734.0,67507.0,1971403.0
373,2879131.0,1399358.0,1479773.0,567658.0,1174611.0,1160831.0,2335442.0,447198.0,601267.0,598508.0,556008.0,108192.0,255332.0,508356.0,1835004.0,280439.0,802900.0,630836.0,2076231.0,1669161.0,75847.0,68982.0,2335442.0
374,3625471.0,1754576.0,1870895.0,612413.0,1373688.0,1380821.0,2754509.0,678943.0,775445.0,747341.0,451421.0,63246.0,402623.0,832939.0,2123481.0,266428.0,874476.0,691848.0,2750995.0,2484576.0,83707.0,58491.0,2754509.0
375,2617482.0,1266985.0,1350497.0,530216.0,988859.0,949959.0,1938818.0,402235.0,519629.0,510415.0,403353.0,73476.0,231752.0,481755.0,1635585.0,268390.0,945052.0,768620.0,1672430.0,1802766.0,49242.0,42029.0,1938818.0
376,2974232.0,1422052.0,1552180.0,639871.0,1191026.0,1246566.0,2437592.0,497934.0,546008.0,503278.0,719444.0,151519.0,240565.0,489240.0,1894992.0,349435.0,955300.0,808965.0,2018932.0,1761842.0,51592.0,48380.0,2437592.0
377,3105798.0,1538397.0,1567401.0,693161.0,1307846.0,1270967.0,2578813.0,476336.0,528694.0,503631.0,820372.0,225105.0,247137.0,470604.0,2033169.0,354888.0,1117091.0,915756.0,1988707.0,1444994.0,266898.0,67754.0,2578813.0
378,1129221.0,566682.0,562539.0,265344.0,460310.0,422148.0,882458.0,176890.0,217996.0,203095.0,234505.0,39708.0,98199.0,182284.0,745214.0,103524.0,487352.0,400699.0,641869.0,566744.0,9036.0,2311.0,882458.0
379,1953646.0,964926.0,988720.0,434520.0,833748.0,834518.0,1668266.0,287281.0,345448.0,355148.0,540662.0,128708.0,154992.0,299291.0,1246424.0,252939.0,642157.0,539609.0,1311489.0,963497.0,51967.0,42984.0,1668266.0
380,2109160.0,1014529.0,1094631.0,483960.0,865286.0,893692.0,1758978.0,321620.0,378825.0,425623.0,513397.0,99917.0,165994.0,319849.0,1349673.0,273644.0,723354.0,547049.0,1385806.0,1457188.0,68585.0,45105.0,1758978.0
381,1234016.0,589398.0,644618.0,297134.0,505976.0,543900.0,1049876.0,176696.0,209013.0,251917.0,336720.0,64974.0,91643.0,193174.0,768124.0,181075.0,366049.0,285844.0,867967.0,694560.0,38009.0,28952.0,1049876.0
382,2585208.0,1249621.0,1335587.0,593314.0,1039111.0,1051333.0,2090444.0,365157.0,449780.0,539180.0,593072.0,123596.0,214106.0,413756.0,1673910.0,283436.0,828566.0,654823.0,1756642.0,1685044.0,47235.0,38652.0,2090444.0
383,3234356.0,1569917.0,1664439.0,759382.0,1280412.0,1278082.0,2558494.0,409276.0,527786.0,634060.0,732255.0,222693.0,266099.0,533739.0,2093603.0,340915.0,1047935.0,818497.0,2186421.0,2202112.0,69467.0,56138.0,2558494.0
388,2860869.0,1571689.0,1289180.0,561945.0,1161047.0,796855.0,1957902.0,336760.0,414858.0,309552.0,550540.0,329431.0,294204.0,669176.0,1751640.0,145849.0,919439.0,872142.0,1941430.0,2540491.0,404787.0,174142.0,1957902.0
389,781525.0,427882.0,353643.0,148927.0,314103.0,226089.0,540192.0,84263.0,116492.0,90266.0,155998.0,87355.0,72979.0,171219.0,492289.0,45038.0,256596.0,244890.0,524929.0,609493.0,132947.0,122102.0,540192.0
390,1768061.0,956078.0,811983.0,310887.0,676627.0,464408.0,1141035.0,222702.0,270927.0,211702.0,300605.0,121084.0,201204.0,459472.0,1032752.0,74633.0,500425.0,470993.0,1267636.0,1232960.0,353401.0,217397.0,1141035.0
391,1463583.0,794074.0,669509.0,287638.0,613061.0,455078.0,1068139.0,152458.0,199177.0,157781.0,310647.0,238014.0,141176.0,315156.0,918414.0,88837.0,475310.0,456216.0,988273.0,1213295.0,362275.0,210055.0,1068139.0
392,179112.0,99956.0,79156.0,39633.0,78540.0,52656.0,131196.0,17489.0,24105.0,21377.0,36440.0,30013.0,14382.0,36626.0,120349.0,7755.0,67594.0,64425.0,111518.0,155594.0,59132.0,31067.0,131196.0
393,646385.0,350831.0,295554.0,120616.0,255253.0,195736.0,450989.0,65525.0,101683.0,75263.0,119540.0,79593.0,54916.0,133996.0,415837.0,41636.0,223851.0,213324.0,422534.0,423592.0,195556.0,140248.0,450989.0
394,2128908.0,1163084.0,965824.0,432782.0,884861.0,648877.0,1533738.0,220759.0,289230.0,222665.0,463594.0,323357.0,198333.0,448086.0,1340763.0,141726.0,720915.0,686517.0,1407993.0,1745810.0,469963.0,312034.0,1533738.0
395,1755041.0,983615.0,771426.0,364511.0,761917.0,496116.0,1258033.0,184787.0,237497.0,201038.0,396897.0,227609.0,171609.0,380759.0,1122699.0,79974.0,602546.0,569836.0,1152495.0,1612169.0,334821.0,168990.0,1258033.0
396,2267023.0,1260025.0,1006998.0,466444.0,955438.0,628102.0,1583540.0,250170.0,313497.0,242046.0,436353.0,325459.0,229058.0,500588.0,1421999.0,115378.0,778558.0,739173.0,1488465.0,1824645.0,556765.0,379138.0,1583540.0
406,586327.0,301251.0,285076.0,118828.0,189459.0,117209.0,306668.0,103521.0,85487.0,42217.0,41975.0,14373.0,67977.0,152921.0,329739.0,35690.0,279826.0,181837.0,306501.0,549179.0,30758.0,17862.0,306668.0
407,1972094.0,1000050.0,972044.0,383217.0,547006.0,326453.0,873459.0,296575.0,220260.0,115576.0,101299.0,33241.0,257133.0,506650.0,1063505.0,144806.0,982041.0,605013.0,990053.0,1823285.0,16834.0,16037.0,873459.0
409,1265529.0,634597.0,630932.0,268609.0,439954.0,306541.0,746495.0,268796.0,204985.0,99568.0,86502.0,30355.0,140095.0,290277.0,727342.0,107815.0,601564.0,430725.0,663965.0,1212180.0,17388.0,14459.0,746495.0
410,1011823.0,515147.0,496676.0,203104.0,324912.0,193460.0,518372.0,164517.0,137964.0,79124.0,93719.0,33634.0,117885.0,260457.0,572919.0,60562.0,431002.0,302248.0,580821.0,949774.0,137045.0,20150.0,518372.0
411,1317431.0,659388.0,658043.0,254080.0,445925.0,274582.0,720507.0,261370.0,185071.0,110150.0,119079.0,28440.0,155099.0,344849.0,701346.0,116137.0,575923.0,411510.0,741508.0,1299831.0,32513.0,20367.0,720507.0
412,1998355.0,1013875.0,984480.0,390354.0,656225.0,391942.0,1048167.0,359352.0,269030.0,145629.0,168750.0,73884.0,240556.0,516617.0,1091363.0,149819.0,857577.0,630504.0,1140778.0,1904580.0,27389.0,19839.0,1048167.0
414,1283224.0,634342.0,648882.0,246524.0,457505.0,365571.0,823076.0,265489.0,223080.0,116435.0,91107.0,31552.0,152856.0,312094.0,719023.0,99251.0,649401.0,558996.0,633823.0,1215492.0,34441.0,15157.0,823076.0
415,2810436.0,1417893.0,1392543.0,543486.0,1032829.0,761061.0,1793890.0,543973.0,466403.0,265099.0,338969.0,116771.0,305754.0,682210.0,1612776.0,209696.0,1162833.0,965624.0,1647603.0,2654202.0,232517.0,77651.0,1793890.0
416,3016930.0,1523925.0,1493005.0,581582.0,1034063.0,679590.0,1713653.0,571410.0,462342.0,234779.0,268987.0,121842.0,358976.0,765137.0,1672204.0,220613.0,1264663.0,961507.0,1752267.0,2881933.0,50118.0,26635.0,1713653.0
417,860257.0,426201.0,434056.0,176607.0,289545.0,195291.0,484836.0,175408.0,142893.0,65748.0,55893.0,17560.0,94599.0,203795.0,486852.0,75011.0,411747.0,300907.0,448510.0,838906.0,17081.0,16747.0,484836.0
420,1306673.0,649801.0,656872.0,259798.0,300838.0,170942.0,471780.0,183735.0,110533.0,61122.0,56155.0,19533.0,158366.0,338396.0,734255.0,75656.0,687415.0,407252.0,619258.0,1265787.0,26898.0,9638.0,471780.0
421,719487.0,356928.0,362559.0,146190.0,115626.0,61318.0,176944.0,67783.0,37694.0,21178.0,26720.0,7989.0,88916.0,194086.0,405849.0,30636.0,380244.0,284770.0,339243.0,696516.0,19059.0,6641.0,176944.0
446,364140.0,182250.0,181890.0,67681.0,122109.0,79993.0,202102.0,34811.0,40258.0,51767.0,51218.0,18800.0,40152.0,88319.0,211287.0,24382.0,177343.0,111486.0,186797.0,221096.0,28724.0,18699.0,202102.0
447,444382.0,221781.0,222601.0,79078.0,171996.0,139242.0,311238.0,35811.0,43273.0,70823.0,97181.0,57683.0,38184.0,90774.0,280267.0,35157.0,178111.0,129101.0,266271.0,330994.0,20532.0,12680.0,311238.0
448,394876.0,198371.0,196505.0,69182.0,145377.0,110579.0,255956.0,37837.0,44284.0,63063.0,73202.0,33010.0,37555.0,90346.0,239189.0,27786.0,156882.0,106562.0,237994.0,240347.0,8316.0,6423.0,255956.0
460,468411.0,256939.0,211472.0,92593.0,178592.0,119203.0,297795.0,50241.0,64345.0,41250.0,89592.0,48484.0,45405.0,101024.0,287808.0,34174.0,178644.0,150353.0,289767.0,410120.0,30830.0,25410.0,297795.0
461,1014411.0,542977.0,471434.0,184319.0,384828.0,277961.0,662789.0,113292.0,177353.0,115883.0,192036.0,58843.0,91763.0,226242.0,608815.0,87591.0,324521.0,275648.0,689890.0,856193.0,106568.0,61748.0,662789.0
462,1041630.0,559444.0,482186.0,183238.0,375462.0,263249.0,638711.0,126259.0,182389.0,113863.0,165121.0,42063.0,102685.0,245320.0,608700.0,84925.0,336533.0,280728.0,705097.0,849255.0,101290.0,15754.0,638711.0
463,825454.0,442328.0,383126.0,142950.0,293615.0,201258.0,494873.0,108187.0,143229.0,82975.0,122395.0,32775.0,80359.0,194974.0,483884.0,66237.0,308392.0,250596.0,517062.0,675381.0,37289.0,33564.0,494873.0
464,946131.0,510513.0,435618.0,164258.0,296857.0,175706.0,472563.0,126436.0,143353.0,76312.0,100857.0,19385.0,98741.0,239059.0,529982.0,78349.0,372011.0,268127.0,574120.0,848765.0,32128.0,17051.0,472563.0
465,1274183.0,683368.0,590815.0,224230.0,440070.0,292539.0,732609.0,166169.0,208280.0,123098.0,180013.0,46851.0,130815.0,317912.0,729685.0,95771.0,455455.0,355466.0,818728.0,1125279.0,30172.0,22707.0,732609.0
467,1279175.0,695723.0,583452.0,223342.0,486601.0,301504.0,788105.0,161024.0,193323.0,133517.0,247039.0,43912.0,134152.0,319274.0,719781.0,105968.0,523031.0,383449.0,756144.0,1234225.0,48532.0,29006.0,788105.0
468,1189827.0,642282.0,547545.0,204942.0,397972.0,224682.0,622654.0,161970.0,181858.0,98902.0,145996.0,23995.0,126722.0,305862.0,659697.0,97546.0,521946.0,372049.0,667881.0,1134539.0,50435.0,27541.0,622654.0
469,806158.0,427862.0,378296.0,142017.0,243492.0,148686.0,392178.0,110228.0,120062.0,59284.0,78653.0,14390.0,87207.0,208122.0,446652.0,64177.0,362975.0,261623.0,443183.0,660331.0,51519.0,23826.0,392178.0
470,1116649.0,593245.0,523404.0,194809.0,350958.0,223666.0,574624.0,153153.0,172232.0,90443.0,120460.0,27303.0,112757.0,280947.0,632111.0,90834.0,475571.0,363946.0,641078.0,801747.0,53811.0,32795.0,574624.0
471,1537117.0,830520.0,706597.0,272738.0,536521.0,305781.0,842302.0,206809.0,228924.0,131189.0,214909.0,48813.0,160417.0,389819.0,871309.0,115572.0,665572.0,516817.0,871545.0,1497776.0,75747.0,33132.0,842302.0
472,1425022.0,758253.0,666769.0,246742.0,510805.0,299091.0,809896.0,190479.0,227844.0,135464.0,207427.0,35372.0,153417.0,362400.0,789684.0,119521.0,609320.0,425210.0,815702.0,1407363.0,44895.0,17424.0,809896.0
473,940128.0,509038.0,431090.0,167593.0,360566.0,231919.0,592485.0,112757.0,141601.0,100047.0,182301.0,47537.0,92528.0,223019.0,538188.0,86393.0,371073.0,288225.0,569055.0,924541.0,18174.0,16853.0,592485.0
474,880072.0,476475.0,403597.0,158075.0,335836.0,205799.0,541635.0,104085.0,139426.0,100081.0,167785.0,24836.0,90743.0,210661.0,501303.0,77365.0,388715.0,276208.0,491357.0,869258.0,39002.0,16162.0,541635.0
475,812521.0,423578.0,388943.0,135218.0,299145.0,179151.0,478296.0,106547.0,138412.0,91716.0,117411.0,19064.0,87680.0,206469.0,443044.0,75328.0,351864.0,204704.0,460657.0,805991.0,24323.0,10195.0,478296.0
476,765351.0,403034.0,362317.0,135560.0,299560.0,188630.0,488190.0,94485.0,126813.0,93964.0,141258.0,26537.0,80482.0,183830.0,435170.0,65869.0,333622.0,204855.0,431729.0,758328.0,18892.0,12144.0,488190.0
477,1660289.0,886451.0,773838.0,273881.0,538508.0,296185.0,834693.0,195476.0,202181.0,129579.0,212394.0,76434.0,231670.0,461813.0,854542.0,112264.0,629658.0,464644.0,1030631.0,1026542.0,27570.0,17755.0,834693.0
478,2194586.0,1193063.0,1001523.0,391426.0,804492.0,465309.0,1269801.0,277239.0,287742.0,204851.0,354094.0,126692.0,258516.0,581250.0,1213106.0,141714.0,785762.0,609663.0,1408824.0,1896698.0,100722.0,38309.0,1269801.0
479,559495.0,295297.0,264198.0,96898.0,146457.0,61079.0,207536.0,82746.0,57015.0,27245.0,22433.0,7261.0,74895.0,166313.0,286262.0,32025.0,229277.0,152553.0,330218.0,519697.0,15673.0,14556.0,207536.0
480,1592714.0,874089.0,718625.0,237803.0,568474.0,269354.0,837828.0,261979.0,224989.0,157372.0,137803.0,35535.0,200056.0,458767.0,826768.0,107123.0,590599.0,451530.0,1002115.0,1523438.0,36435.0,33103.0,837828.0
481,1428559.0,780902.0,647657.0,215478.0,533921.0,293742.0,827663.0,229884.0,220817.0,173169.0,147085.0,33425.0,171848.0,390079.0,749712.0,116920.0,525370.0,396769.0,903189.0,1339646.0,45232.0,28253.0,827663.0
482,1632109.0,883317.0,748792.0,272242.0,599253.0,356103.0,955356.0,222358.0,225628.0,165751.0,208973.0,117832.0,170809.0,424401.0,929221.0,107678.0,530629.0,441815.0,1101480.0,1470346.0,56672.0,38522.0,955356.0
483,628240.0,338232.0,290008.0,107129.0,236341.0,137017.0,373358.0,118626.0,106846.0,59474.0,44598.0,15050.0,74310.0,163686.0,338029.0,52215.0,316020.0,226330.0,312220.0,593927.0,20672.0,19525.0,373358.0
484,1441950.0,776190.0,665760.0,241868.0,465476.0,217079.0,682555.0,270972.0,169556.0,83562.0,70328.0,26478.0,191761.0,402052.0,750331.0,97806.0,652270.0,507173.0,789680.0,1374040.0,23505.0,15714.0,682555.0
485,1666767.0,884020.0,782747.0,276543.0,529858.0,268135.0,797993.0,302597.0,211195.0,94899.0,81240.0,36016.0,220799.0,463138.0,864155.0,118675.0,682988.0,496734.0,983779.0,1554490.0,57705.0,49173.0,797993.0
486,1202998.0,637913.0,565085.0,207821.0,355842.0,186656.0,542498.0,168469.0,155317.0,91542.0,76369.0,19113.0,157126.0,325782.0,636195.0,83895.0,566177.0,395575.0,636821.0,1150150.0,22535.0,20713.0,542498.0
487,1474723.0,788933.0,685790.0,251334.0,416441.0,214929.0,631370.0,210897.0,187015.0,96146.0,82056.0,31240.0,197553.0,412491.0,755554.0,109125.0,592470.0,441443.0,882253.0,1404412.0,33024.0,21490.0,631370.0
488,856558.0,450549.0,406009.0,166649.0,265457.0,155165.0,420622.0,136741.0,105010.0,59739.0,48604.0,13871.0,117405.0,231917.0,447757.0,59479.0,373605.0,261183.0,482953.0,820662.0,13997.0,12004.0,420622.0
489,2021987.0,1073205.0,948782.0,376379.0,700223.0,418770.0,1118993.0,344354.0,343146.0,182697.0,160798.0,64817.0,256474.0,532270.0,1085128.0,148115.0,839763.0,637857.0,1182224.0,1868720.0,51181.0,31874.0,1118993.0
490,1083949.0,570229.0,513720.0,218777.0,350142.0,198189.0,548331.0,191662.0,165303.0,88125.0,68512.0,21804.0,136028.0,282493.0,586179.0,79249.0,486486.0,348890.0,597463.0,1015688.0,28514.0,17185.0,548331.0
491,1870104.0,971396.0,898708.0,346977.0,611158.0,373675.0,984833.0,270655.0,273238.0,176370.0,175804.0,54531.0,238135.0,501756.0,988261.0,141952.0,745244.0,554667.0,1124860.0,1811634.0,34342.0,22279.0,984833.0
492,1973306.0,1016687.0,956619.0,362657.0,621967.0,369443.0,991410.0,259468.0,235155.0,181747.0,230974.0,62859.0,254674.0,547048.0,1009454.0,162130.0,862959.0,585034.0,1110347.0,1900712.0,23024.0,15254.0,991410.0
495,1831152.0,947830.0,883322.0,333916.0,508382.0,251547.0,759929.0,282708.0,183880.0,109089.0,108311.0,31425.0,255392.0,540219.0,914326.0,121215.0,757585.0,544069.0,1073567.0,1760525.0,45700.0,13104.0,759929.0
496,726070.0,372419.0,353651.0,136981.0,257619.0,145752.0,403371.0,136773.0,118653.0,58700.0,57330.0,21828.0,80083.0,173707.0,416857.0,55423.0,348262.0,282243.0,377808.0,651244.0,22623.0,17757.0,403371.0
497,1183724.0,605119.0,578605.0,216671.0,429667.0,264379.0,694046.0,267830.0,201202.0,91746.0,77417.0,26142.0,134713.0,289725.0,665618.0,93668.0,570329.0,454507.0,613395.0,1054413.0,21507.0,16494.0,694046.0
498,1215393.0,620862.0,594531.0,217701.0,406791.0,265924.0,672715.0,228073.0,170031.0,84966.0,83957.0,36427.0,145317.0,309425.0,674085.0,86566.0,547852.0,405049.0,667541.0,1056199.0,63859.0,21513.0,672715.0
499,1710982.0,882871.0,828111.0,298036.0,613726.0,401156.0,1014882.0,323692.0,263266.0,135370.0,143351.0,71378.0,189458.0,419064.0,951616.0,150844.0,755288.0,588377.0,955694.0,1484134.0,96579.0,30977.0,1014882.0
500,1290685.0,669852.0,620833.0,219796.0,456982.0,291375.0,748357.0,311722.0,192607.0,79001.0,62864.0,22546.0,159993.0,331675.0,689926.0,109091.0,629791.0,436444.0,660894.0,1132623.0,42461.0,31207.0,748357.0
501,1308223.0,677866.0,630357.0,226155.0,422705.0,233664.0,656369.0,220886.0,184452.0,102164.0,98489.0,30072.0,157265.0,346303.0,700742.0,103913.0,580422.0,429159.0,727801.0,1158128.0,21019.0,15933.0,656369.0
502,1394561.0,702053.0,692508.0,224588.0,259123.0,137467.0,396590.0,152538.0,83598.0,41016.0,42646.0,17109.0,221657.0,417796.0,681984.0,73124.0,732246.0,487387.0,662315.0,1330834.0,25164.0,12685.0,396590.0
503,1740329.0,890416.0,849913.0,302701.0,470857.0,264386.0,735243.0,253090.0,197874.0,101520.0,102712.0,33387.0,232371.0,471230.0,924049.0,112679.0,811415.0,595586.0,928914.0,1632299.0,68080.0,26273.0,735243.0
504,2465827.0,1289352.0,1176475.0,447478.0,926915.0,648521.0,1575436.0,310857.0,370687.0,271803.0,367120.0,228758.0,253263.0,567352.0,1469787.0,175425.0,893669.0,766796.0,1572158.0,2066384.0,87140.0,20855.0,1575436.0
505,1529562.0,784604.0,744958.0,264596.0,475854.0,304942.0,780796.0,298139.0,208339.0,91535.0,86634.0,29655.0,201134.0,411351.0,809759.0,107318.0,704439.0,589450.0,825123.0,1409370.0,34114.0,23509.0,780796.0
506,1081441.0,548609.0,532832.0,170365.0,218053.0,132301.0,350354.0,133509.0,91173.0,42023.0,42096.0,15095.0,165669.0,310876.0,531986.0,72910.0,523750.0,390220.0,557691.0,1026644.0,43232.0,22882.0,350354.0
507,1713134.0,884966.0,828168.0,306979.0,534903.0,331915.0,866818.0,355242.0,239858.0,99054.0,107944.0,38579.0,213954.0,453105.0,922618.0,123457.0,752695.0,628376.0,960439.0,1438583.0,172242.0,31638.0,866818.0
508,1254085.0,649106.0,604979.0,216168.0,365919.0,182721.0,548640.0,210266.0,148503.0,71331.0,62187.0,21871.0,157745.0,327914.0,660530.0,107896.0,625494.0,438139.0,628591.0,1166394.0,32294.0,27723.0,548640.0
509,1214857.0,647838.0,567019.0,214612.0,392534.0,215549.0,608083.0,227187.0,183353.0,81228.0,66431.0,32781.0,158677.0,332091.0,627098.0,96991.0,451787.0,346221.0,763070.0,1071618.0,62376.0,42179.0,608083.0
511,1078912.0,565137.0,513775.0,183477.0,354429.0,196543.0,550972.0,191731.0,162327.0,84152.0,65592.0,22872.0,138982.0,296477.0,555164.0,88289.0,451442.0,308433.0,627470.0,961700.0,39678.0,17240.0,550972.0
512,1125154.0,598247.0,526907.0,201389.0,398632.0,260073.0,658705.0,233270.0,182033.0,95054.0,75988.0,26154.0,146773.0,304614.0,590483.0,83284.0,411721.0,308803.0,713433.0,1009511.0,35702.0,30448.0,658705.0
513,1395175.0,709956.0,685219.0,249103.0,453686.0,316566.0,770252.0,267521.0,207368.0,107066.0,114482.0,36605.0,160589.0,372349.0,754125.0,108112.0,615976.0,418604.0,779199.0,1340631.0,83524.0,29553.0,770252.0
514,474416.0,247226.0,227190.0,83820.0,157472.0,100210.0,257682.0,105115.0,70653.0,31456.0,29648.0,11368.0,60308.0,126280.0,250368.0,37460.0,213226.0,152079.0,261190.0,441743.0,19183.0,17487.0,257682.0
515,1084265.0,571774.0,512491.0,200399.0,388376.0,247463.0,635839.0,190326.0,170657.0,99721.0,110481.0,47367.0,121086.0,275129.0,602656.0,85394.0,387120.0,293965.0,697145.0,1025978.0,92324.0,41317.0,635839.0
516,1064167.0,548368.0,515799.0,216451.0,351232.0,203972.0,555204.0,178803.0,156659.0,90917.0,88799.0,27570.0,131249.0,267054.0,590474.0,75390.0,443695.0,295075.0,620472.0,1021106.0,20150.0,10923.0,555204.0
517,2151203.0,1127304.0,1023899.0,431968.0,818931.0,577189.0,1396120.0,309193.0,346309.0,245581.0,322023.0,150769.0,209539.0,500039.0,1288588.0,153037.0,799602.0,624580.0,1351601.0,1891876.0,66499.0,37870.0,1396120.0
518,957646.0,501645.0,456001.0,183149.0,362954.0,261839.0,624793.0,218178.0,163508.0,89801.0,90348.0,25469.0,106524.0,231947.0,540415.0,78760.0,403463.0,310073.0,554183.0,912409.0,37861.0,25043.0,624793.0
520,894236.0,447956.0,446280.0,190035.0,276499.0,170499.0,446998.0,168114.0,121692.0,60369.0,56676.0,19150.0,96354.0,225471.0,499062.0,73349.0,464397.0,322151.0,429839.0,784274.0,21760.0,9612.0,446998.0
521,1849283.0,947337.0,901946.0,354907.0,607698.0,412901.0,1020599.0,371506.0,264193.0,128871.0,157362.0,50077.0,204124.0,485819.0,1012361.0,146979.0,779533.0,559318.0,1069750.0,1713457.0,40931.0,37863.0,1020599.0
522,1166608.0,588750.0,577858.0,231959.0,377563.0,258653.0,636216.0,240749.0,190243.0,82155.0,74325.0,25158.0,135251.0,302071.0,644351.0,84935.0,569060.0,380973.0,597548.0,962741.0,14344.0,10411.0,636216.0
523,1497968.0,740749.0,757219.0,310067.0,502654.0,368034.0,870688.0,303327.0,260633.0,137143.0,119334.0,35809.0,158709.0,363695.0,858308.0,117256.0,753581.0,493229.0,744387.0,1340617.0,32296.0,22966.0,870688.0
524,758573.0,388502.0,370071.0,164129.0,312590.0,254078.0,566668.0,113407.0,110017.0,93191.0,183788.0,56876.0,57358.0,123907.0,511082.0,66226.0,307628.0,242190.0,450945.0,576848.0,40487.0,17713.0,566668.0
525,589095.0,298746.0,290349.0,130683.0,228442.0,190452.0,418894.0,75499.0,83652.0,66067.0,143627.0,41421.0,46465.0,103496.0,386075.0,53059.0,215227.0,183115.0,373868.0,309703.0,78382.0,21407.0,418894.0
542,2896863.0,1553322.0,1343541.0,456015.0,897576.0,546437.0,1444013.0,386438.0,378461.0,244946.0,259613.0,89275.0,359185.0,813777.0,1520958.0,202943.0,817528.0,692341.0,2079335.0,1723226.0,81641.0,53913.0,1444013.0
543,3543362.0,1893832.0,1649530.0,529134.0,1099632.0,638897.0,1738529.0,452742.0,436539.0,322658.0,335119.0,99142.0,454634.0,1001500.0,1831324.0,255904.0,1173153.0,899536.0,2370209.0,2151009.0,90055.0,73011.0,1738529.0
544,3131619.0,1651908.0,1479711.0,482352.0,913906.0,547213.0,1461119.0,400328.0,391724.0,281969.0,239162.0,77545.0,410073.0,914349.0,1597062.0,210135.0,884481.0,708265.0,2247138.0,1766391.0,79025.0,71350.0,1461119.0
545,3810983.0,2032302.0,1778681.0,573063.0,893630.0,465305.0,1358935.0,372713.0,324557.0,259962.0,242977.0,91876.0,513631.0,1143561.0,1926245.0,227546.0,1181996.0,993623.0,2628987.0,2052014.0,182478.0,103749.0,1358935.0
546,1923739.0,1023775.0,899964.0,288333.0,393597.0,197754.0,591351.0,172387.0,142336.0,102778.0,90991.0,32679.0,262095.0,591811.0,958879.0,110954.0,544411.0,457175.0,1379328.0,945277.0,40013.0,35751.0,591351.0
547,1499068.0,795228.0,703840.0,227569.0,398603.0,193453.0,592056.0,169030.0,160661.0,118818.0,97240.0,27853.0,201772.0,445373.0,755715.0,96208.0,478103.0,382742.0,1020965.0,897785.0,53326.0,39790.0,592056.0
548,2997361.0,1601578.0,1395783.0,458106.0,992005.0,614464.0,1606469.0,346517.0,366095.0,310234.0,387800.0,159151.0,342645.0,827678.0,1630384.0,196654.0,895856.0,737166.0,2101505.0,1964504.0,92944.0,69191.0,1606469.0
549,1163991.0,630077.0,533914.0,168753.0,399716.0,216157.0,615873.0,135812.0,136783.0,130501.0,159698.0,35506.0,136056.0,320255.0,609434.0,98246.0,380310.0,289862.0,783681.0,854718.0,40335.0,36384.0,615873.0
550,3290586.0,1769042.0,1521544.0,538009.0,1168462.0,731273.0,1899735.0,378697.0,412224.0,362683.0,485991.0,212861.0,375160.0,900196.0,1817207.0,198023.0,938251.0,799884.0,2352335.0,2461008.0,211983.0,120945.0,1899735.0
551,1202030.0,652819.0,549211.0,204302.0,434749.0,240920.0,675669.0,142970.0,141557.0,130814.0,158673.0,84210.0,145921.0,326027.0,648789.0,81293.0,363814.0,308884.0,838216.0,1028937.0,57416.0,27016.0,675669.0
552,2913122.0,1550326.0,1362796.0,456218.0,936195.0,471887.0,1408082.0,338698.0,339719.0,295810.0,289415.0,78539.0,362750.0,825503.0,1492318.0,232551.0,1173805.0,786708.0,1739317.0,2285976.0,98610.0,69867.0,1408082.0
553,2992286.0,1607402.0,1384884.0,465488.0,938492.0,482112.0,1420604.0,343151.0,320601.0,286958.0,314134.0,101715.0,370294.0,864640.0,1541877.0,215475.0,916298.0,697481.0,2075988.0,2438496.0,43744.0,27667.0,1420604.0
554,1336031.0,718930.0,617101.0,208613.0,445192.0,230291.0,675483.0,168516.0,159226.0,137286.0,150874.0,38630.0,168230.0,385098.0,682047.0,100656.0,391970.0,295388.0,944061.0,1194514.0,37938.0,31742.0,675483.0
555,2074516.0,1127512.0,947004.0,317370.0,696398.0,329168.0,1025566.0,260307.0,236973.0,195806.0,230782.0,69029.0,269064.0,596888.0,1058677.0,149887.0,770918.0,538167.0,1303598.0,1898399.0,56692.0,45721.0,1025566.0
556,3620436.0,1961282.0,1659154.0,544463.0,1198991.0,653928.0,1852919.0,420294.0,422524.0,342632.0,428490.0,145320.0,433392.0,1048115.0,1903890.0,235039.0,984305.0,814102.0,2636131.0,3244492.0,50968.0,28804.0,1852919.0
557,2052958.0,1108668.0,944290.0,308918.0,680313.0,385212.0,1065525.0,270443.0,265743.0,215628.0,229765.0,58570.0,264678.0,596453.0,1055924.0,135903.0,558941.0,455028.0,1494017.0,1764268.0,88161.0,40458.0,1065525.0
558,2790410.0,1509199.0,1281211.0,427839.0,820349.0,400049.0,1220398.0,317447.0,309113.0,241463.0,247453.0,60202.0,362298.0,816610.0,1411894.0,199608.0,802418.0,659834.0,1987992.0,2434856.0,92541.0,41293.0,1220398.0
559,1596718.0,859934.0,736784.0,243022.0,536794.0,305325.0,842119.0,195669.0,208417.0,197763.0,184805.0,37230.0,197128.0,458173.0,823383.0,118034.0,439198.0,365115.0,1157520.0,1485637.0,26805.0,24514.0,842119.0
560,3069426.0,1666669.0,1402757.0,471156.0,648501.0,276142.0,924643.0,302281.0,229555.0,181719.0,136571.0,39150.0,428949.0,918976.0,1523612.0,197889.0,922100.0,768945.0,2147326.0,2402152.0,58184.0,51051.0,924643.0
561,3618589.0,1934119.0,1684470.0,554761.0,914216.0,472908.0,1387124.0,390960.0,318039.0,272576.0,242633.0,101026.0,474688.0,1069294.0,1862784.0,211823.0,1095081.0,862821.0,2523508.0,2345325.0,61139.0,58492.0,1387124.0
562,1645183.0,876368.0,768815.0,254070.0,443104.0,214756.0,657860.0,200415.0,176658.0,130982.0,94681.0,25895.0,212822.0,487217.0,841728.0,103416.0,461339.0,360300.0,1183844.0,1173317.0,60681.0,37233.0,657860.0
563,2547855.0,1383408.0,1164447.0,400657.0,668242.0,336054.0,1004296.0,301453.0,267891.0,195084.0,153057.0,40276.0,328097.0,741587.0,1315712.0,162459.0,729525.0,615499.0,1818330.0,2028913.0,52911.0,31131.0,1004296.0
564,3207232.0,1713908.0,1493324.0,509388.0,825048.0,419141.0,1244189.0,373346.0,332730.0,224634.0,152601.0,48189.0,415269.0,915623.0,1648040.0,228300.0,1008552.0,838041.0,2198680.0,2482852.0,53842.0,38451.0,1244189.0
565,3619661.0,1941374.0,1678287.0,596177.0,943222.0,461221.0,1404443.0,435619.0,374428.0,264396.0,186665.0,54991.0,468408.0,1015093.0,1874639.0,261521.0,1125509.0,923925.0,2494152.0,2898247.0,50092.0,48234.0,1404443.0
566,3398306.0,1842698.0,1555608.0,560319.0,964239.0,455922.0,1420161.0,421372.0,403917.0,282722.0,214492.0,53650.0,434579.0,965262.0,1758832.0,239633.0,1097661.0,904115.0,2300645.0,2930439.0,67751.0,48899.0,1420161.0
567,2700324.0,1422509.0,1277815.0,465061.0,778699.0,436391.0,1215090.0,329946.0,331098.0,260419.0,200805.0,53066.0,307896.0,759225.0,1424313.0,208890.0,926335.0,685498.0,1773989.0,2397705.0,70803.0,31871.0,1215090.0
568,3647834.0,1932317.0,1715517.0,644269.0,1250877.0,879065.0,2129942.0,389674.0,407935.0,360060.0,538835.0,371574.0,358658.0,912521.0,2129721.0,246934.0,1086400.0,900181.0,2561434.0,2852721.0,59582.0,16860.0,2129942.0
569,2872335.0,1472230.0,1400105.0,499185.0,810498.0,449049.0,1259547.0,330304.0,335367.0,257191.0,227681.0,57701.0,347581.0,804719.0,1497090.0,222945.0,1023506.0,660527.0,1848829.0,2526010.0,24363.0,21142.0,1259547.0
570,1570408.0,849800.0,720608.0,241422.0,496475.0,284272.0,780747.0,194876.0,194992.0,160631.0,159121.0,41417.0,187965.0,450386.0,822847.0,109210.0,462853.0,380901.0,1107555.0,1326118.0,31150.0,23596.0,780747.0
571,1388923.0,744170.0,644753.0,212647.0,442446.0,255988.0,698434.0,170818.0,175550.0,165586.0,138322.0,30008.0,169117.0,407387.0,716251.0,96168.0,457591.0,347072.0,931332.0,1164479.0,50268.0,35597.0,698434.0
572,1338871.0,720749.0,618122.0,214222.0,475991.0,290416.0,766407.0,167879.0,191208.0,182517.0,163037.0,46519.0,156367.0,367369.0,708156.0,106979.0,368609.0,298612.0,970262.0,1233025.0,38779.0,25333.0,766407.0
573,1179993.0,635762.0,544231.0,193269.0,418605.0,261835.0,680440.0,152325.0,164161.0,167635.0,145814.0,40118.0,142163.0,325391.0,622006.0,90433.0,388260.0,285149.0,791733.0,1089991.0,24789.0,24549.0,680440.0
574,1563336.0,844339.0,718997.0,259937.0,531763.0,320587.0,852350.0,191474.0,204604.0,204088.0,175786.0,35974.0,187308.0,426094.0,803574.0,146360.0,513211.0,377230.0,1050125.0,1410225.0,20107.0,17379.0,852350.0
575,4167999.0,2247216.0,1920783.0,714380.0,1549505.0,1110328.0,2659833.0,427139.0,523812.0,513054.0,722936.0,344813.0,392312.0,1015726.0,2419625.0,340336.0,1247833.0,1040278.0,2920166.0,3448024.0,100796.0,35638.0,2659833.0
576,1454452.0,786641.0,667811.0,230664.0,509536.0,272497.0,782033.0,166869.0,198625.0,168398.0,170971.0,51376.0,157483.0,384698.0,787702.0,124569.0,522881.0,356090.0,931571.0,1299829.0,50844.0,50057.0,782033.0
577,1744931.0,932818.0,812113.0,289863.0,617507.0,341262.0,958769.0,199330.0,237254.0,202763.0,203745.0,80467.0,187108.0,438923.0,984999.0,133901.0,646007.0,466903.0,1098924.0,1592741.0,50882.0,29292.0,958769.0
578,977734.0,519413.0,458321.0,166012.0,265227.0,119264.0,384491.0,124307.0,112900.0,73177.0,46384.0,17649.0,137620.0,267019.0,506848.0,66247.0,422365.0,289137.0,555369.0,926441.0,12665.0,8719.0,384491.0
579,1043724.0,563801.0,479923.0,175948.0,333921.0,156685.0,490606.0,127621.0,132703.0,109254.0,81039.0,25732.0,123497.0,285688.0,546346.0,88193.0,408700.0,270959.0,635024.0,959438.0,34730.0,32046.0,490606.0
580,708447.0,379691.0,328756.0,118970.0,209207.0,96455.0,305662.0,88463.0,85608.0,62340.0,44785.0,15048.0,90536.0,189194.0,370284.0,58433.0,299772.0,204026.0,408675.0,659538.0,23940.0,21260.0,305662.0
581,1537334.0,826544.0,710790.0,249911.0,462956.0,208030.0,670986.0,196964.0,177757.0,128951.0,106364.0,39166.0,202221.0,425496.0,788637.0,120980.0,619361.0,412443.0,917973.0,1408201.0,42384.0,14499.0,670986.0
582,766225.0,409178.0,357047.0,121827.0,252633.0,140364.0,392997.0,136948.0,88144.0,54894.0,52070.0,15028.0,107698.0,221406.0,379702.0,57419.0,323956.0,224429.0,442269.0,737219.0,14916.0,12752.0,392997.0
583,2308384.0,1219602.0,1088782.0,390592.0,690826.0,371605.0,1062431.0,276056.0,283399.0,212399.0,195708.0,49519.0,271406.0,649903.0,1210622.0,176453.0,869612.0,594435.0,1438772.0,1997175.0,34200.0,24200.0,1062431.0
584,2731174.0,1362948.0,1368226.0,438936.0,812741.0,465530.0,1278271.0,327551.0,337855.0,243357.0,258383.0,60953.0,329445.0,797541.0,1370305.0,233883.0,915786.0,578632.0,1815388.0,2345857.0,22311.0,13469.0,1278271.0
585,1293154.0,682290.0,610864.0,217248.0,338208.0,143548.0,481756.0,146645.0,120937.0,81498.0,95162.0,16038.0,171912.0,386137.0,646011.0,89094.0,506733.0,325303.0,786421.0,1116223.0,14774.0,14432.0,481756.0
586,4936105.0,2626448.0,2309657.0,740941.0,1635387.0,871555.0,2506942.0,536398.0,542568.0,404832.0,616060.0,254138.0,586483.0,1374513.0,2598662.0,376447.0,1671349.0,1106598.0,3264756.0,4284834.0,24137.0,22992.0,2506942.0
587,2673581.0,1416921.0,1256660.0,459077.0,677728.0,345276.0,1023004.0,283111.0,276581.0,197416.0,166060.0,40792.0,336184.0,739667.0,1392802.0,204928.0,983751.0,724352.0,1689830.0,2072421.0,30639.0,29981.0,1023004.0
588,2088928.0,1077472.0,1011456.0,343000.0,611451.0,348910.0,960361.0,243946.0,258162.0,182226.0,186048.0,61532.0,247587.0,581770.0,1097959.0,161612.0,823717.0,527901.0,1265211.0,1778749.0,49417.0,36776.0,960361.0
589,2026876.0,1024953.0,1001923.0,294711.0,587052.0,367485.0,954537.0,252500.0,263863.0,182351.0,166943.0,54150.0,255361.0,585558.0,1019739.0,166218.0,677980.0,442210.0,1348896.0,1689067.0,33906.0,29636.0,954537.0
590,3214832.0,1623819.0,1591013.0,507320.0,920508.0,527914.0,1448422.0,385658.0,401426.0,291887.0,239948.0,72064.0,403689.0,912568.0,1624383.0,274192.0,1032520.0,679114.0,2182312.0,2676468.0,12836.0,11864.0,1448422.0
591,2381072.0,1275351.0,1105721.0,385525.0,468536.0,197290.0,665826.0,202872.0,180251.0,98848.0,94105.0,30157.0,315586.0,675190.0,1225143.0,165153.0,844320.0,632957.0,1536752.0,1537177.0,42773.0,15780.0,665826.0
593,1682350.0,887939.0,794411.0,256300.0,327694.0,136893.0,464587.0,150287.0,130160.0,68865.0,63201.0,18324.0,219744.0,486630.0,847571.0,128405.0,714059.0,501620.0,968291.0,1058676.0,27502.0,21243.0,464587.0
594,2765586.0,1451101.0,1314485.0,429606.0,663292.0,286050.0,949342.0,264319.0,263721.0,164966.0,160639.0,42611.0,346448.0,798870.0,1415014.0,205254.0,939094.0,697223.0,1826492.0,2225700.0,24142.0,16096.0,949342.0
595,2040085.0,1047165.0,992920.0,307765.0,467825.0,211075.0,678900.0,225046.0,195334.0,96690.0,96297.0,22990.0,283007.0,604525.0,995999.0,156554.0,776487.0,493431.0,1263598.0,1428543.0,21931.0,11824.0,678900.0
597,1420226.0,719465.0,700761.0,209122.0,378320.0,195064.0,573384.0,171503.0,166682.0,96863.0,91256.0,20153.0,192455.0,423582.0,688764.0,115425.0,489070.0,295045.0,931156.0,1073646.0,24662.0,15850.0,573384.0
